window_start,Sample_ID,Ions,Concentration
1986-05-20,Q1,NO3-N,113.66666666666667
1986-05-20,Q1,NH4-N,NA
1986-05-20,Q1,K,0.8166666666666667
1986-05-20,Q1,Mg,3.1066666666666665
1986-05-20,Q1,Ca,3.9366666666666665
1986-07-22,Q1,NO3-N,NA
1986-07-22,Q1,NH4-N,NA
1986-07-22,Q1,K,NA
1986-07-22,Q1,Mg,NA
1986-07-22,Q1,Ca,NA
1986-09-23,Q1,NO3-N,126.66666666666667
1986-09-23,Q1,NH4-N,25.4
1986-09-23,Q1,K,0.656
1986-09-23,Q1,Mg,2.69
1986-09-23,Q1,Ca,4.368
1986-11-25,Q1,NO3-N,154.33333333333334
1986-11-25,Q1,NH4-N,21.75
1986-11-25,Q1,K,0.6744444444444444
1986-11-25,Q1,Mg,2.5877777777777777
1986-11-25,Q1,Ca,3.78
1987-01-27,Q1,NO3-N,132.22222222222223
1987-01-27,Q1,NH4-N,18.4
1987-01-27,Q1,K,0.7244444444444444
1987-01-27,Q1,Mg,2.977777777777778
1987-01-27,Q1,Ca,4.166666666666667
1987-03-31,Q1,NO3-N,146.44444444444446
1987-03-31,Q1,NH4-N,41.66666666666667
1987-03-31,Q1,K,0.8466666666666667
1987-03-31,Q1,Mg,2.4299999999999997
1987-03-31,Q1,Ca,3.7566666666666664
1987-06-02,Q1,NO3-N,157.66666666666666
1987-06-02,Q1,NH4-N,73.77777777777777
1987-06-02,Q1,K,0.8077777777777778
1987-06-02,Q1,Mg,2.522222222222222
1987-06-02,Q1,Ca,3.893333333333333
1987-08-04,Q1,NO3-N,182.30769230769232
1987-08-04,Q1,NH4-N,44.53846153846154
1987-08-04,Q1,K,0.77
1987-08-04,Q1,Mg,2.1716666666666664
1987-08-04,Q1,Ca,3.3666666666666667
1987-10-06,Q1,NO3-N,163.77777777777777
1987-10-06,Q1,NH4-N,16.25
1987-10-06,Q1,K,0.737
1987-10-06,Q1,Mg,2.349
1987-10-06,Q1,Ca,3.726
1987-12-08,Q1,NO3-N,162.33333333333334
1987-12-08,Q1,NH4-N,24
1987-12-08,Q1,K,0.7873333333333333
1987-12-08,Q1,Mg,2.0086666666666666
1987-12-08,Q1,Ca,3.2173333333333334
1988-02-09,Q1,NO3-N,206.9375
1988-02-09,Q1,NH4-N,20.6875
1988-02-09,Q1,K,0.90125
1988-02-09,Q1,Mg,1.99375
1988-02-09,Q1,Ca,3.10375
1988-04-12,Q1,NO3-N,151.7
1988-04-12,Q1,NH4-N,64.2
1988-04-12,Q1,K,0.8766666666666667
1988-04-12,Q1,Mg,2.251
1988-04-12,Q1,Ca,3.19
1988-06-14,Q1,NO3-N,NA
1988-06-14,Q1,NH4-N,113
1988-06-14,Q1,K,0.7655555555555555
1988-06-14,Q1,Mg,2.267
1988-06-14,Q1,Ca,3.2977777777777777
1988-08-16,Q1,NO3-N,93.83333333333334
1988-08-16,Q1,NH4-N,37.2
1988-08-16,Q1,K,0.7553846153846154
1988-08-16,Q1,Mg,2.046666666666667
1988-08-16,Q1,Ca,2.8038461538461537
1988-10-18,Q1,NO3-N,141.77777777777777
1988-10-18,Q1,NH4-N,46
1988-10-18,Q1,K,0.89375
1988-10-18,Q1,Mg,2.61875
1988-10-18,Q1,Ca,4.1625
1988-12-20,Q1,NO3-N,153
1988-12-20,Q1,NH4-N,NA
1988-12-20,Q1,K,0.8588888888888889
1988-12-20,Q1,Mg,2.502222222222222
1988-12-20,Q1,Ca,4.32875
1989-02-21,Q1,NO3-N,130.88888888888889
1989-02-21,Q1,NH4-N,NA
1989-02-21,Q1,K,0.8366666666666667
1989-02-21,Q1,Mg,2.73
1989-02-21,Q1,Ca,4.14
1989-04-25,Q1,NO3-N,141
1989-04-25,Q1,NH4-N,NA
1989-04-25,Q1,K,0.9377777777777778
1989-04-25,Q1,Mg,2.997777777777778
1989-04-25,Q1,Ca,4.794444444444444
1989-06-27,Q1,NO3-N,116.625
1989-06-27,Q1,NH4-N,NA
1989-06-27,Q1,K,0.9444444444444444
1989-06-27,Q1,Mg,2.5477777777777777
1989-06-27,Q1,Ca,3.991111111111111
1989-08-29,Q1,NO3-N,81.6
1989-08-29,Q1,NH4-N,NA
1989-08-29,Q1,K,1.049090909090909
1989-08-29,Q1,Mg,2.781
1989-08-29,Q1,Ca,4.265
1989-10-31,Q1,NO3-N,324.1
1989-10-31,Q1,NH4-N,NA
1989-10-31,Q1,K,1.232
1989-10-31,Q1,Mg,3.237
1989-10-31,Q1,Ca,5.118
1990-01-02,Q1,NO3-N,118
1990-01-02,Q1,NH4-N,NA
1990-01-02,Q1,K,1.268888888888889
1990-01-02,Q1,Mg,3.3233333333333333
1990-01-02,Q1,Ca,5.847777777777778
1990-03-06,Q1,NO3-N,480.6363636363637
1990-03-06,Q1,NH4-N,NA
1990-03-06,Q1,K,1.4038461538461537
1990-03-06,Q1,Mg,2.5215384615384617
1990-03-06,Q1,Ca,4.291538461538462
1990-05-08,Q1,NO3-N,208.1
1990-05-08,Q1,NH4-N,NA
1990-05-08,Q1,K,1.238
1990-05-08,Q1,Mg,3.11
1990-05-08,Q1,Ca,5.267
1990-07-10,Q1,NO3-N,117.44444444444443
1990-07-10,Q1,NH4-N,NA
1990-07-10,Q1,K,1.0133333333333334
1990-07-10,Q1,Mg,3.2533333333333334
1990-07-10,Q1,Ca,5.6433333333333335
1990-09-11,Q1,NO3-N,97.83333333333334
1990-09-11,Q1,NH4-N,NA
1990-09-11,Q1,K,0.9322222222222222
1990-09-11,Q1,Mg,2.997777777777778
1990-09-11,Q1,Ca,5.207777777777778
1990-11-13,Q1,NO3-N,132.0909090909091
1990-11-13,Q1,NH4-N,NA
1990-11-13,Q1,K,1.0736363636363637
1990-11-13,Q1,Mg,2.7827272727272727
1990-11-13,Q1,Ca,4.642727272727273
1991-01-15,Q1,NO3-N,87.85714285714286
1991-01-15,Q1,NH4-N,NA
1991-01-15,Q1,K,0.8144444444444444
1991-01-15,Q1,Mg,3.223333333333333
1991-01-15,Q1,Ca,5.7844444444444445
1991-03-19,Q1,NO3-N,59.777777777777786
1991-03-19,Q1,NH4-N,NA
1991-03-19,Q1,K,0.8333333333333334
1991-03-19,Q1,Mg,2.9811111111111113
1991-03-19,Q1,Ca,5.421111111111111
1991-05-21,Q1,NO3-N,54.75
1991-05-21,Q1,NH4-N,NA
1991-05-21,Q1,K,0.914
1991-05-21,Q1,Mg,3.0629999999999997
1991-05-21,Q1,Ca,5.314
1991-07-23,Q1,NO3-N,40.77777777777778
1991-07-23,Q1,NH4-N,NA
1991-07-23,Q1,K,1.012
1991-07-23,Q1,Mg,3.801
1991-07-23,Q1,Ca,6.164
1991-09-24,Q1,NO3-N,80.5
1991-09-24,Q1,NH4-N,NA
1991-09-24,Q1,K,1.1225
1991-09-24,Q1,Mg,2.8266666666666667
1991-09-24,Q1,Ca,4.400833333333333
1991-11-26,Q1,NO3-N,188.375
1991-11-26,Q1,NH4-N,NA
1991-11-26,Q1,K,1.1477777777777778
1991-11-26,Q1,Mg,3.0455555555555556
1991-11-26,Q1,Ca,5.041111111111111
1992-01-28,Q1,NO3-N,151
1992-01-28,Q1,NH4-N,NA
1992-01-28,Q1,K,1.1520000000000001
1992-01-28,Q1,Mg,3.128
1992-01-28,Q1,Ca,5.376
1992-03-31,Q1,NO3-N,63.125
1992-03-31,Q1,NH4-N,NA
1992-03-31,Q1,K,1.051111111111111
1992-03-31,Q1,Mg,3.3244444444444445
1992-03-31,Q1,Ca,5.618888888888889
1992-06-02,Q1,NO3-N,58.25
1992-06-02,Q1,NH4-N,NA
1992-06-02,Q1,K,1.1566666666666667
1992-06-02,Q1,Mg,2.8633333333333333
1992-06-02,Q1,Ca,4.7877777777777775
1992-08-04,Q1,NO3-N,102.66666666666666
1992-08-04,Q1,NH4-N,NA
1992-08-04,Q1,K,1.1144444444444446
1992-08-04,Q1,Mg,3.236666666666667
1992-08-04,Q1,Ca,5.694444444444445
1992-10-06,Q1,NO3-N,76.28571428571429
1992-10-06,Q1,NH4-N,NA
1992-10-06,Q1,K,0.9877777777777778
1992-10-06,Q1,Mg,3.002222222222222
1992-10-06,Q1,Ca,5.384444444444444
1992-12-08,Q1,NO3-N,20.5
1992-12-08,Q1,NH4-N,NA
1992-12-08,Q1,K,1.0822222222222222
1992-12-08,Q1,Mg,2.897777777777778
1992-12-08,Q1,Ca,4.845555555555555
1993-02-09,Q1,NO3-N,125.33333333333333
1993-02-09,Q1,NH4-N,NA
1993-02-09,Q1,K,1.12
1993-02-09,Q1,Mg,3.4466666666666668
1993-02-09,Q1,Ca,5.72
1993-04-13,Q1,NO3-N,69.11111111111111
1993-04-13,Q1,NH4-N,NA
1993-04-13,Q1,K,1.22
1993-04-13,Q1,Mg,3.4755555555555557
1993-04-13,Q1,Ca,5.415555555555556
1993-06-15,Q1,NO3-N,39.2
1993-06-15,Q1,NH4-N,NA
1993-06-15,Q1,K,1.018888888888889
1993-06-15,Q1,Mg,2.9566666666666666
1993-06-15,Q1,Ca,5.483333333333333
1993-08-17,Q1,NO3-N,43.111111111111114
1993-08-17,Q1,NH4-N,NA
1993-08-17,Q1,K,1.0933333333333333
1993-08-17,Q1,Mg,3.281111111111111
1993-08-17,Q1,Ca,5.704444444444444
1993-10-19,Q1,NO3-N,12.444444444444445
1993-10-19,Q1,NH4-N,NA
1993-10-19,Q1,K,1.1277777777777778
1993-10-19,Q1,Mg,3.2733333333333334
1993-10-19,Q1,Ca,5.831111111111111
1993-12-21,Q1,NO3-N,25.333333333333332
1993-12-21,Q1,NH4-N,NA
1993-12-21,Q1,K,1.0355555555555556
1993-12-21,Q1,Mg,2.8844444444444446
1993-12-21,Q1,Ca,5.3133333333333335
1994-02-22,Q1,NO3-N,86.75
1994-02-22,Q1,NH4-N,NA
1994-02-22,Q1,K,1.0655555555555556
1994-02-22,Q1,Mg,3.3433333333333333
1994-02-22,Q1,Ca,5.968888888888889
1994-04-26,Q1,NO3-N,17.444444444444443
1994-04-26,Q1,NH4-N,NA
1994-04-26,Q1,K,1.1566666666666667
1994-04-26,Q1,Mg,3.7
1994-04-26,Q1,Ca,6.6466666666666665
1994-06-28,Q1,NO3-N,94.75
1994-06-28,Q1,NH4-N,NA
1994-06-28,Q1,K,1.143
1994-06-28,Q1,Mg,3.505
1994-06-28,Q1,Ca,6.196
1994-08-30,Q1,NO3-N,NA
1994-08-30,Q1,NH4-N,NA
1994-08-30,Q1,K,1.22
1994-08-30,Q1,Mg,3.3455555555555554
1994-08-30,Q1,Ca,6.12
1994-11-01,Q1,NO3-N,109
1994-11-01,Q1,NH4-N,NA
1994-11-01,Q1,K,1.0988888888888888
1994-11-01,Q1,Mg,3.0444444444444443
1994-11-01,Q1,Ca,5.645555555555555
1995-01-03,Q1,NO3-N,NA
1995-01-03,Q1,NH4-N,NA
1995-01-03,Q1,K,1.235
1995-01-03,Q1,Mg,3.67375
1995-01-03,Q1,Ca,6.26375
1995-03-07,Q1,NO3-N,NA
1995-03-07,Q1,NH4-N,NA
1995-03-07,Q1,K,0.9642857142857143
1995-03-07,Q1,Mg,3.182857142857143
1995-03-07,Q1,Ca,5.615714285714286
1995-05-09,Q1,NO3-N,NA
1995-05-09,Q1,NH4-N,NA
1995-05-09,Q1,K,1.3125
1995-05-09,Q1,Mg,3.3425000000000002
1995-05-09,Q1,Ca,5.79
1995-07-11,Q1,NO3-N,NA
1995-07-11,Q1,NH4-N,NA
1995-07-11,Q1,K,0.9066666666666666
1995-07-11,Q1,Mg,3.27
1995-07-11,Q1,Ca,5.82
1995-09-12,Q1,NO3-N,NA
1995-09-12,Q1,NH4-N,NA
1995-09-12,Q1,K,NA
1995-09-12,Q1,Mg,NA
1995-09-12,Q1,Ca,NA
1995-11-14,Q1,NO3-N,NA
1995-11-14,Q1,NH4-N,NA
1995-11-14,Q1,K,1.06
1995-11-14,Q1,Mg,2.764
1995-11-14,Q1,Ca,4.958
1996-01-16,Q1,NO3-N,NA
1996-01-16,Q1,NH4-N,NA
1996-01-16,Q1,K,1.0822222222222222
1996-01-16,Q1,Mg,3.1866666666666665
1996-01-16,Q1,Ca,5.49
1996-03-19,Q1,NO3-N,NA
1996-03-19,Q1,NH4-N,NA
1996-03-19,Q1,K,1.1522222222222223
1996-03-19,Q1,Mg,3.41
1996-03-19,Q1,Ca,5.72
1996-05-21,Q1,NO3-N,NA
1996-05-21,Q1,NH4-N,NA
1996-05-21,Q1,K,1.1422222222222222
1996-05-21,Q1,Mg,3.2244444444444444
1996-05-21,Q1,Ca,5.595555555555555
1996-07-23,Q1,NO3-N,47
1996-07-23,Q1,NH4-N,NA
1996-07-23,Q1,K,1.208888888888889
1996-07-23,Q1,Mg,3.6144444444444446
1996-07-23,Q1,Ca,6.101111111111111
1996-09-24,Q1,NO3-N,204.33333333333334
1996-09-24,Q1,NH4-N,NA
1996-09-24,Q1,K,1.055
1996-09-24,Q1,Mg,2.98875
1996-09-24,Q1,Ca,5.251250000000001
1996-11-26,Q1,NO3-N,218.57142857142858
1996-11-26,Q1,NH4-N,NA
1996-11-26,Q1,K,1.2714285714285714
1996-11-26,Q1,Mg,3.1742857142857144
1996-11-26,Q1,Ca,5.635714285714285
1997-01-28,Q1,NO3-N,208.77777777777777
1997-01-28,Q1,NH4-N,NA
1997-01-28,Q1,K,1.01
1997-01-28,Q1,Mg,2.9033333333333333
1997-01-28,Q1,Ca,5.078888888888889
1997-04-01,Q1,NO3-N,191.71428571428572
1997-04-01,Q1,NH4-N,NA
1997-04-01,Q1,K,1.1355555555555557
1997-04-01,Q1,Mg,3.1577777777777776
1997-04-01,Q1,Ca,5.774444444444445
1997-06-03,Q1,NO3-N,174.375
1997-06-03,Q1,NH4-N,NA
1997-06-03,Q1,K,0.9544444444444444
1997-06-03,Q1,Mg,2.9388888888888887
1997-06-03,Q1,Ca,5.2844444444444445
1997-08-05,Q1,NO3-N,118.5
1997-08-05,Q1,NH4-N,NA
1997-08-05,Q1,K,0.8622222222222222
1997-08-05,Q1,Mg,3.0522222222222224
1997-08-05,Q1,Ca,5.723333333333333
1997-10-07,Q1,NO3-N,119.625
1997-10-07,Q1,NH4-N,NA
1997-10-07,Q1,K,1.07375
1997-10-07,Q1,Mg,2.5675
1997-10-07,Q1,Ca,4.40375
1997-12-09,Q1,NO3-N,119.42857142857143
1997-12-09,Q1,NH4-N,23
1997-12-09,Q1,K,0.7342857142857143
1997-12-09,Q1,Mg,2.0275
1997-12-09,Q1,Ca,4.19625
1998-02-10,Q1,NO3-N,96.11111111111111
1998-02-10,Q1,NH4-N,14.833333333333334
1998-02-10,Q1,K,1.251111111111111
1998-02-10,Q1,Mg,2.56
1998-02-10,Q1,Ca,4.17
1998-04-14,Q1,NO3-N,77.66666666666667
1998-04-14,Q1,NH4-N,25
1998-04-14,Q1,K,0.8728571428571429
1998-04-14,Q1,Mg,2.2175
1998-04-14,Q1,Ca,4.22
1998-06-16,Q1,NO3-N,104.66666666666666
1998-06-16,Q1,NH4-N,23.75
1998-06-16,Q1,K,1.252857142857143
1998-06-16,Q1,Mg,2.8966666666666665
1998-06-16,Q1,Ca,4.777777777777778
1998-08-18,Q1,NO3-N,160
1998-08-18,Q1,NH4-N,8.285714285714286
1998-08-18,Q1,K,1.0613333333333332
1998-08-18,Q1,Mg,2.473333333333333
1998-08-18,Q1,Ca,4.69
1998-10-20,Q1,NO3-N,228
1998-10-20,Q1,NH4-N,10
1998-10-20,Q1,K,1.1188888888888888
1998-10-20,Q1,Mg,2.4522222222222223
1998-10-20,Q1,Ca,4.731111111111111
1998-12-22,Q1,NO3-N,222.11111111111111
1998-12-22,Q1,NH4-N,13.666666666666668
1998-12-22,Q1,K,1.0966666666666667
1998-12-22,Q1,Mg,2.8377777777777777
1998-12-22,Q1,Ca,4.88
1999-02-23,Q1,NO3-N,261.8888888888889
1999-02-23,Q1,NH4-N,18.4
1999-02-23,Q1,K,1.0455555555555556
1999-02-23,Q1,Mg,3.1533333333333333
1999-02-23,Q1,Ca,5.883333333333334
1999-04-27,Q1,NO3-N,165.66666666666666
1999-04-27,Q1,NH4-N,9
1999-04-27,Q1,K,1.0325
1999-04-27,Q1,Mg,2.93
1999-04-27,Q1,Ca,5.094444444444444
1999-06-29,Q1,NO3-N,169.22222222222223
1999-06-29,Q1,NH4-N,10
1999-06-29,Q1,K,1.028888888888889
1999-06-29,Q1,Mg,2.8088888888888888
1999-06-29,Q1,Ca,4.562222222222222
1999-08-31,Q1,NO3-N,158.55555555555554
1999-08-31,Q1,NH4-N,13.6
1999-08-31,Q1,K,0.99625
1999-08-31,Q1,Mg,2.6755555555555555
1999-08-31,Q1,Ca,4.452222222222222
1999-11-02,Q1,NO3-N,199.22222222222223
1999-11-02,Q1,NH4-N,12.4
1999-11-02,Q1,K,0.9877777777777778
1999-11-02,Q1,Mg,2.756666666666667
1999-11-02,Q1,Ca,4.286666666666667
2000-01-04,Q1,NO3-N,220.11111111111111
2000-01-04,Q1,NH4-N,7.75
2000-01-04,Q1,K,0.8988888888888888
2000-01-04,Q1,Mg,2.9544444444444444
2000-01-04,Q1,Ca,5.113333333333333
2000-03-07,Q1,NO3-N,215.55555555555554
2000-03-07,Q1,NH4-N,NA
2000-03-07,Q1,K,0.8733333333333333
2000-03-07,Q1,Mg,3.34
2000-03-07,Q1,Ca,6.064444444444445
2000-05-09,Q1,NO3-N,171.55555555555554
2000-05-09,Q1,NH4-N,11
2000-05-09,Q1,K,0.8922222222222222
2000-05-09,Q1,Mg,2.9611111111111112
2000-05-09,Q1,Ca,4.9622222222222225
2000-07-11,Q1,NO3-N,176.77777777777777
2000-07-11,Q1,NH4-N,10.8
2000-07-11,Q1,K,0.8344444444444444
2000-07-11,Q1,Mg,3.25
2000-07-11,Q1,Ca,6.1
2000-09-12,Q1,NO3-N,161
2000-09-12,Q1,NH4-N,9.4
2000-09-12,Q1,K,0.9577777777777777
2000-09-12,Q1,Mg,2.792222222222222
2000-09-12,Q1,Ca,4.733333333333333
2000-11-14,Q1,NO3-N,190.22222222222223
2000-11-14,Q1,NH4-N,10.166666666666666
2000-11-14,Q1,K,0.9922222222222222
2000-11-14,Q1,Mg,3.292222222222222
2000-11-14,Q1,Ca,5.567777777777778
2001-01-16,Q1,NO3-N,178.88888888888889
2001-01-16,Q1,NH4-N,9.166666666666666
2001-01-16,Q1,K,0.8877777777777778
2001-01-16,Q1,Mg,3.2944444444444443
2001-01-16,Q1,Ca,5.704444444444444
2001-03-20,Q1,NO3-N,152.66666666666666
2001-03-20,Q1,NH4-N,7.2
2001-03-20,Q1,K,1.0322222222222222
2001-03-20,Q1,Mg,3.21
2001-03-20,Q1,Ca,5.986666666666666
2001-05-22,Q1,NO3-N,146.22222222222223
2001-05-22,Q1,NH4-N,9
2001-05-22,Q1,K,0.93
2001-05-22,Q1,Mg,3.071111111111111
2001-05-22,Q1,Ca,5.683333333333334
2001-07-24,Q1,NO3-N,150.22222222222223
2001-07-24,Q1,NH4-N,8.75
2001-07-24,Q1,K,1.0022222222222221
2001-07-24,Q1,Mg,3.3677777777777775
2001-07-24,Q1,Ca,6.368888888888889
2001-09-25,Q1,NO3-N,190.66666666666666
2001-09-25,Q1,NH4-N,13.5
2001-09-25,Q1,K,1.0633333333333332
2001-09-25,Q1,Mg,2.9966666666666666
2001-09-25,Q1,Ca,5.597777777777778
2001-11-27,Q1,NO3-N,193.33333333333334
2001-11-27,Q1,NH4-N,18.714285714285715
2001-11-27,Q1,K,1.0622222222222222
2001-11-27,Q1,Mg,3.1122222222222224
2001-11-27,Q1,Ca,5.321111111111111
2002-01-29,Q1,NO3-N,193
2002-01-29,Q1,NH4-N,13
2002-01-29,Q1,K,0.98
2002-01-29,Q1,Mg,3.25375
2002-01-29,Q1,Ca,5.8975
2002-04-02,Q1,NO3-N,134.75
2002-04-02,Q1,NH4-N,12.555555555555555
2002-04-02,Q1,K,1.0166666666666666
2002-04-02,Q1,Mg,2.727777777777778
2002-04-02,Q1,Ca,4.726666666666667
2002-06-04,Q1,NO3-N,149.22222222222223
2002-06-04,Q1,NH4-N,16.77777777777778
2002-06-04,Q1,K,0.93
2002-06-04,Q1,Mg,3.2544444444444447
2002-06-04,Q1,Ca,5.492222222222222
2002-08-06,Q1,NO3-N,168
2002-08-06,Q1,NH4-N,15.875
2002-08-06,Q1,K,0.8777777777777778
2002-08-06,Q1,Mg,3.3422222222222224
2002-08-06,Q1,Ca,6.198888888888889
2002-10-08,Q1,NO3-N,148.77777777777777
2002-10-08,Q1,NH4-N,17.11111111111111
2002-10-08,Q1,K,0.8788888888888888
2002-10-08,Q1,Mg,2.917777777777778
2002-10-08,Q1,Ca,5.633333333333333
2002-12-10,Q1,NO3-N,168.22222222222223
2002-12-10,Q1,NH4-N,17
2002-12-10,Q1,K,0.8444444444444444
2002-12-10,Q1,Mg,2.6455555555555557
2002-12-10,Q1,Ca,5.992222222222222
2003-02-11,Q1,NO3-N,156.11111111111111
2003-02-11,Q1,NH4-N,11.777777777777779
2003-02-11,Q1,K,0.8644444444444445
2003-02-11,Q1,Mg,3.4811111111111113
2003-02-11,Q1,Ca,6.868888888888889
2003-04-15,Q1,NO3-N,152.55555555555554
2003-04-15,Q1,NH4-N,13.375
2003-04-15,Q1,K,0.8744444444444445
2003-04-15,Q1,Mg,2.6122222222222224
2003-04-15,Q1,Ca,4.404444444444445
2003-06-17,Q1,NO3-N,163.66666666666666
2003-06-17,Q1,NH4-N,11.285714285714286
2003-06-17,Q1,K,0.9688888888888889
2003-06-17,Q1,Mg,3.1855555555555557
2003-06-17,Q1,Ca,5.041111111111111
2003-08-19,Q1,NO3-N,151.66666666666666
2003-08-19,Q1,NH4-N,20.5
2003-08-19,Q1,K,1.018888888888889
2003-08-19,Q1,Mg,2.411111111111111
2003-08-19,Q1,Ca,4.685555555555555
2003-10-21,Q1,NO3-N,168
2003-10-21,Q1,NH4-N,14.2
2003-10-21,Q1,K,1.02
2003-10-21,Q1,Mg,2.901111111111111
2003-10-21,Q1,Ca,5.097777777777778
2003-12-23,Q1,NO3-N,177.75
2003-12-23,Q1,NH4-N,20.428571428571427
2003-12-23,Q1,K,0.8822222222222222
2003-12-23,Q1,Mg,2.7600000000000002
2003-12-23,Q1,Ca,4.656666666666666
2004-02-24,Q1,NO3-N,129.44444444444446
2004-02-24,Q1,NH4-N,8.833333333333334
2004-02-24,Q1,K,0.9577777777777778
2004-02-24,Q1,Mg,2.9233333333333333
2004-02-24,Q1,Ca,5.204444444444444
2004-04-27,Q1,NO3-N,139.11111111111111
2004-04-27,Q1,NH4-N,8
2004-04-27,Q1,K,0.9944444444444445
2004-04-27,Q1,Mg,2.3955555555555557
2004-04-27,Q1,Ca,4.5088888888888885
2004-06-29,Q1,NO3-N,124.71428571428571
2004-06-29,Q1,NH4-N,14.4
2004-06-29,Q1,K,1.1022222222222222
2004-06-29,Q1,Mg,3.4555555555555557
2004-06-29,Q1,Ca,6.461111111111111
2004-08-31,Q1,NO3-N,158.28571428571428
2004-08-31,Q1,NH4-N,15
2004-08-31,Q1,K,0.9288888888888889
2004-08-31,Q1,Mg,2.8233333333333333
2004-08-31,Q1,Ca,5.762222222222222
2004-11-02,Q1,NO3-N,105.66666666666666
2004-11-02,Q1,NH4-N,15.5
2004-11-02,Q1,K,1.0566666666666666
2004-11-02,Q1,Mg,2.537777777777778
2004-11-02,Q1,Ca,5.052222222222222
2005-01-04,Q1,NO3-N,175.77777777777777
2005-01-04,Q1,NH4-N,12
2005-01-04,Q1,K,0.7988888888888889
2005-01-04,Q1,Mg,3.0855555555555556
2005-01-04,Q1,Ca,5.5
2005-03-08,Q1,NO3-N,180.66666666666666
2005-03-08,Q1,NH4-N,19.333333333333332
2005-03-08,Q1,K,0.8811111111111111
2005-03-08,Q1,Mg,3.278888888888889
2005-03-08,Q1,Ca,5.848888888888889
2005-05-10,Q1,NO3-N,123.66666666666667
2005-05-10,Q1,NH4-N,14.5
2005-05-10,Q1,K,1.041111111111111
2005-05-10,Q1,Mg,2.7311111111111113
2005-05-10,Q1,Ca,5.013333333333334
2005-07-12,Q1,NO3-N,141.375
2005-07-12,Q1,NH4-N,10
2005-07-12,Q1,K,0.7844444444444445
2005-07-12,Q1,Mg,3.0944444444444446
2005-07-12,Q1,Ca,5.741111111111111
2005-09-13,Q1,NO3-N,149.77777777777777
2005-09-13,Q1,NH4-N,12.75
2005-09-13,Q1,K,0.8633333333333333
2005-09-13,Q1,Mg,2.756666666666667
2005-09-13,Q1,Ca,4.974444444444445
2005-11-15,Q1,NO3-N,156.44444444444446
2005-11-15,Q1,NH4-N,7.666666666666667
2005-11-15,Q1,K,0.79
2005-11-15,Q1,Mg,2.9844444444444442
2005-11-15,Q1,Ca,5.291111111111111
2006-01-17,Q1,NO3-N,166.22222222222223
2006-01-17,Q1,NH4-N,6.5
2006-01-17,Q1,K,0.8144444444444444
2006-01-17,Q1,Mg,2.8644444444444446
2006-01-17,Q1,Ca,5.355555555555555
2006-03-21,Q1,NO3-N,151.22222222222223
2006-03-21,Q1,NH4-N,NA
2006-03-21,Q1,K,0.8355555555555555
2006-03-21,Q1,Mg,3.151111111111111
2006-03-21,Q1,Ca,5.863333333333333
2006-05-23,Q1,NO3-N,170.75
2006-05-23,Q1,NH4-N,15.5
2006-05-23,Q1,K,0.8233333333333334
2006-05-23,Q1,Mg,2.838888888888889
2006-05-23,Q1,Ca,5.79125
2006-07-25,Q1,NO3-N,155.375
2006-07-25,Q1,NH4-N,9.333333333333334
2006-07-25,Q1,K,0.9044444444444445
2006-07-25,Q1,Mg,3.2577777777777777
2006-07-25,Q1,Ca,6.322222222222222
2006-09-26,Q1,NO3-N,136.11111111111111
2006-09-26,Q1,NH4-N,7
2006-09-26,Q1,K,0.9322222222222223
2006-09-26,Q1,Mg,2.87
2006-09-26,Q1,Ca,5.557777777777778
2006-11-28,Q1,NO3-N,177.44444444444446
2006-11-28,Q1,NH4-N,6.5
2006-11-28,Q1,K,0.9011111111111111
2006-11-28,Q1,Mg,3.1133333333333333
2006-11-28,Q1,Ca,6.066666666666666
2007-01-30,Q1,NO3-N,154
2007-01-30,Q1,NH4-N,8.666666666666666
2007-01-30,Q1,K,0.8922222222222222
2007-01-30,Q1,Mg,3.4644444444444447
2007-01-30,Q1,Ca,5.982222222222222
2007-04-03,Q1,NO3-N,113.77777777777777
2007-04-03,Q1,NH4-N,7.125
2007-04-03,Q1,K,0.85
2007-04-03,Q1,Mg,3.013333333333333
2007-04-03,Q1,Ca,5.17
2007-06-05,Q1,NO3-N,147.33333333333334
2007-06-05,Q1,NH4-N,9.333333333333334
2007-06-05,Q1,K,0.8744444444444445
2007-06-05,Q1,Mg,3.51
2007-06-05,Q1,Ca,6.301111111111111
2007-08-07,Q1,NO3-N,129.55555555555554
2007-08-07,Q1,NH4-N,12.285714285714286
2007-08-07,Q1,K,0.8588888888888889
2007-08-07,Q1,Mg,3.198888888888889
2007-08-07,Q1,Ca,6.03
2007-10-09,Q1,NO3-N,180.55555555555554
2007-10-09,Q1,NH4-N,9.4
2007-10-09,Q1,K,0.8544444444444445
2007-10-09,Q1,Mg,3.152222222222222
2007-10-09,Q1,Ca,5.526666666666666
2007-12-11,Q1,NO3-N,132.625
2007-12-11,Q1,NH4-N,8.75
2007-12-11,Q1,K,0.8775000000000001
2007-12-11,Q1,Mg,3.07
2007-12-11,Q1,Ca,6.0475
2008-02-12,Q1,NO3-N,159
2008-02-12,Q1,NH4-N,28
2008-02-12,Q1,K,0.8788888888888889
2008-02-12,Q1,Mg,3.5977777777777775
2008-02-12,Q1,Ca,6.448888888888889
2008-04-15,Q1,NO3-N,136.77777777777777
2008-04-15,Q1,NH4-N,NA
2008-04-15,Q1,K,0.9055555555555556
2008-04-15,Q1,Mg,3.4322222222222223
2008-04-15,Q1,Ca,6.5344444444444445
2008-06-17,Q1,NO3-N,149.875
2008-06-17,Q1,NH4-N,14.5
2008-06-17,Q1,K,0.77
2008-06-17,Q1,Mg,3.555
2008-06-17,Q1,Ca,6.0562499999999995
2008-08-19,Q1,NO3-N,146.33333333333334
2008-08-19,Q1,NH4-N,10.4
2008-08-19,Q1,K,0.8522222222222222
2008-08-19,Q1,Mg,3.2777777777777777
2008-08-19,Q1,Ca,5.195555555555556
2008-10-21,Q1,NO3-N,159.5
2008-10-21,Q1,NH4-N,8
2008-10-21,Q1,K,0.7266666666666667
2008-10-21,Q1,Mg,3.5122222222222224
2008-10-21,Q1,Ca,5.166666666666667
2008-12-23,Q1,NO3-N,161.11111111111111
2008-12-23,Q1,NH4-N,15
2008-12-23,Q1,K,0.8555555555555555
2008-12-23,Q1,Mg,3.531111111111111
2008-12-23,Q1,Ca,6.452222222222222
2009-02-24,Q1,NO3-N,165
2009-02-24,Q1,NH4-N,NA
2009-02-24,Q1,K,0.9
2009-02-24,Q1,Mg,3.8175
2009-02-24,Q1,Ca,7.38625
2009-04-28,Q1,NO3-N,141.11111111111111
2009-04-28,Q1,NH4-N,6.333333333333333
2009-04-28,Q1,K,0.9877777777777778
2009-04-28,Q1,Mg,3.0844444444444443
2009-04-28,Q1,Ca,5.553333333333334
2009-06-30,Q1,NO3-N,133
2009-06-30,Q1,NH4-N,8.714285714285714
2009-06-30,Q1,K,0.9588888888888889
2009-06-30,Q1,Mg,3.212222222222222
2009-06-30,Q1,Ca,5.467777777777778
2009-09-01,Q1,NO3-N,108.875
2009-09-01,Q1,NH4-N,15
2009-09-01,Q1,K,0.9550000000000001
2009-09-01,Q1,Mg,3.1075
2009-09-01,Q1,Ca,6.1175
2009-11-03,Q1,NO3-N,108.22222222222223
2009-11-03,Q1,NH4-N,13.4
2009-11-03,Q1,K,0.8833333333333333
2009-11-03,Q1,Mg,2.741111111111111
2009-11-03,Q1,Ca,5.405555555555556
2010-01-05,Q1,NO3-N,142.22222222222223
2010-01-05,Q1,NH4-N,20.5
2010-01-05,Q1,K,0.79
2010-01-05,Q1,Mg,2.8788888888888886
2010-01-05,Q1,Ca,5.826666666666667
2010-03-09,Q1,NO3-N,113.22222222222223
2010-03-09,Q1,NH4-N,24
2010-03-09,Q1,K,0.8811111111111111
2010-03-09,Q1,Mg,2.148888888888889
2010-03-09,Q1,Ca,4.5287500000000005
2010-05-11,Q1,NO3-N,123.5
2010-05-11,Q1,NH4-N,13.571428571428571
2010-05-11,Q1,K,0.8425
2010-05-11,Q1,Mg,2.6725
2010-05-11,Q1,Ca,4.7725
2010-07-13,Q1,NO3-N,143
2010-07-13,Q1,NH4-N,20.75
2010-07-13,Q1,K,1.02
2010-07-13,Q1,Mg,2.70125
2010-07-13,Q1,Ca,4.74375
2010-09-14,Q1,NO3-N,171.11111111111111
2010-09-14,Q1,NH4-N,7.75
2010-09-14,Q1,K,0.9977777777777778
2010-09-14,Q1,Mg,3.1533333333333333
2010-09-14,Q1,Ca,5.977777777777778
2010-11-16,Q1,NO3-N,151.375
2010-11-16,Q1,NH4-N,13.666666666666666
2010-11-16,Q1,K,1.0911111111111111
2010-11-16,Q1,Mg,2.9188888888888886
2010-11-16,Q1,Ca,5.233333333333333
2011-01-18,Q1,NO3-N,143.42857142857142
2011-01-18,Q1,NH4-N,5
2011-01-18,Q1,K,0.8422222222222222
2011-01-18,Q1,Mg,3.1888888888888887
2011-01-18,Q1,Ca,6.438888888888889
2011-03-22,Q1,NO3-N,93.16666666666667
2011-03-22,Q1,NH4-N,12
2011-03-22,Q1,K,0.83
2011-03-22,Q1,Mg,2.9833333333333334
2011-03-22,Q1,Ca,5.9655555555555555
2011-05-24,Q1,NO3-N,140.66666666666666
2011-05-24,Q1,NH4-N,7
2011-05-24,Q1,K,0.8655555555555555
2011-05-24,Q1,Mg,2.6044444444444443
2011-05-24,Q1,Ca,5.861111111111111
2011-07-26,Q1,NO3-N,98.83333333333333
2011-07-26,Q1,NH4-N,124
2011-07-26,Q1,K,0.9071428571428571
2011-07-26,Q1,Mg,2.54
2011-07-26,Q1,Ca,5.1085714285714285
2011-09-27,Q1,NO3-N,132.75
2011-09-27,Q1,NH4-N,9.4
2011-09-27,Q1,K,0.8788888888888889
2011-09-27,Q1,Mg,3.0522222222222224
2011-09-27,Q1,Ca,6.457777777777777
2011-11-29,Q1,NO3-N,147.375
2011-11-29,Q1,NH4-N,8.5
2011-11-29,Q1,K,0.8477777777777777
2011-11-29,Q1,Mg,2.8944444444444444
2011-11-29,Q1,Ca,6.511111111111111
2012-01-31,Q1,NO3-N,115.83333333333333
2012-01-31,Q1,NH4-N,NA
2012-01-31,Q1,K,0.8233333333333334
2012-01-31,Q1,Mg,3.2055555555555557
2012-01-31,Q1,Ca,6.781111111111111
2012-04-03,Q1,NO3-N,93.33333333333333
2012-04-03,Q1,NH4-N,NA
2012-04-03,Q1,K,0.85
2012-04-03,Q1,Mg,2.8722222222222222
2012-04-03,Q1,Ca,6.081111111111111
2012-06-05,Q1,NO3-N,97
2012-06-05,Q1,NH4-N,33
2012-06-05,Q1,K,0.78375
2012-06-05,Q1,Mg,2.83875
2012-06-05,Q1,Ca,5.34375
2012-08-07,Q1,NO3-N,80.83333333333333
2012-08-07,Q1,NH4-N,8
2012-08-07,Q1,K,0.7377777777777778
2012-08-07,Q1,Mg,2.988888888888889
2012-08-07,Q1,Ca,5.832222222222222
2012-10-09,Q1,NO3-N,57
2012-10-09,Q1,NH4-N,10
2012-10-09,Q1,K,0.87
2012-10-09,Q1,Mg,2.77
2012-10-09,Q1,Ca,5.204444444444444
2012-12-11,Q1,NO3-N,115
2012-12-11,Q1,NH4-N,16.333333333333332
2012-12-11,Q1,K,0.9066666666666667
2012-12-11,Q1,Mg,3.091111111111111
2012-12-11,Q1,Ca,6.035555555555556
2013-02-12,Q1,NO3-N,105.375
2013-02-12,Q1,NH4-N,22
2013-02-12,Q1,K,0.8322222222222222
2013-02-12,Q1,Mg,2.6766666666666667
2013-02-12,Q1,Ca,4.542222222222222
2013-04-16,Q1,NO3-N,42.333333333333336
2013-04-16,Q1,NH4-N,NA
2013-04-16,Q1,K,0.8522222222222222
2013-04-16,Q1,Mg,2.772222222222222
2013-04-16,Q1,Ca,5.15
2013-06-18,Q1,NO3-N,60.666666666666664
2013-06-18,Q1,NH4-N,13.666666666666666
2013-06-18,Q1,K,0.6985714285714286
2013-06-18,Q1,Mg,2.35
2013-06-18,Q1,Ca,5.0024999999999995
2013-08-20,Q1,NO3-N,50
2013-08-20,Q1,NH4-N,18.333333333333332
2013-08-20,Q1,K,0.6742857142857143
2013-08-20,Q1,Mg,3.047142857142857
2013-08-20,Q1,Ca,6.357142857142858
2013-10-22,Q1,NO3-N,136.5
2013-10-22,Q1,NH4-N,20.833333333333332
2013-10-22,Q1,K,0.8688888888888888
2013-10-22,Q1,Mg,2.7311111111111113
2013-10-22,Q1,Ca,5.025555555555556
2013-12-24,Q1,NO3-N,135
2013-12-24,Q1,NH4-N,19
2013-12-24,Q1,K,0.8933333333333333
2013-12-24,Q1,Mg,3.013333333333333
2013-12-24,Q1,Ca,5.207777777777777
2014-02-25,Q1,NO3-N,136
2014-02-25,Q1,NH4-N,12.2
2014-02-25,Q1,K,0.75375
2014-02-25,Q1,Mg,2.91
2014-02-25,Q1,Ca,5.0725
2014-04-29,Q1,NO3-N,121
2014-04-29,Q1,NH4-N,8
2014-04-29,Q1,K,0.9055555555555556
2014-04-29,Q1,Mg,3.4266666666666667
2014-04-29,Q1,Ca,5.681111111111111
2014-07-01,Q1,NO3-N,132.25
2014-07-01,Q1,NH4-N,9.333333333333334
2014-07-01,Q1,K,0.895
2014-07-01,Q1,Mg,3.405
2014-07-01,Q1,Ca,5.895
2014-09-02,Q1,NO3-N,131.66666666666666
2014-09-02,Q1,NH4-N,17.8
2014-09-02,Q1,K,0.9466666666666667
2014-09-02,Q1,Mg,3.562222222222222
2014-09-02,Q1,Ca,6.148888888888889
2014-11-04,Q1,NO3-N,89.83333333333333
2014-11-04,Q1,NH4-N,15
2014-11-04,Q1,K,0.833
2014-11-04,Q1,Mg,2.779
2014-11-04,Q1,Ca,5.125
2015-01-06,Q1,NO3-N,117.6
2015-01-06,Q1,NH4-N,12.25
2015-01-06,Q1,K,0.8987499999999999
2015-01-06,Q1,Mg,3.22375
2015-01-06,Q1,Ca,5.9475
2015-03-10,Q1,NO3-N,127.25
2015-03-10,Q1,NH4-N,11
2015-03-10,Q1,K,0.9911111111111112
2015-03-10,Q1,Mg,3.6844444444444444
2015-03-10,Q1,Ca,6.555555555555555
2015-05-12,Q1,NO3-N,118
2015-05-12,Q1,NH4-N,10
2015-05-12,Q1,K,1.0875000000000001
2015-05-12,Q1,Mg,3.9025
2015-05-12,Q1,Ca,7.49375
2015-07-14,Q1,NO3-N,122.75
2015-07-14,Q1,NH4-N,13
2015-07-14,Q1,K,0.8166666666666667
2015-07-14,Q1,Mg,3.3266666666666667
2015-07-14,Q1,Ca,6.423333333333334
2015-09-15,Q1,NO3-N,162.33333333333334
2015-09-15,Q1,NH4-N,12.4
2015-09-15,Q1,K,0.8322222222222222
2015-09-15,Q1,Mg,3.18
2015-09-15,Q1,Ca,5.8
2015-11-17,Q1,NO3-N,115.85714285714286
2015-11-17,Q1,NH4-N,6
2015-11-17,Q1,K,0.8677777777777778
2015-11-17,Q1,Mg,3.2444444444444445
2015-11-17,Q1,Ca,6.405555555555556
2016-01-19,Q1,NO3-N,90
2016-01-19,Q1,NH4-N,5
2016-01-19,Q1,K,0.885
2016-01-19,Q1,Mg,2.995
2016-01-19,Q1,Ca,6.375
2016-03-22,Q1,NO3-N,107.66666666666667
2016-03-22,Q1,NH4-N,14.333333333333334
2016-03-22,Q1,K,1.038888888888889
2016-03-22,Q1,Mg,3.3622222222222224
2016-03-22,Q1,Ca,6.842222222222222
2016-05-24,Q1,NO3-N,101.55555555555556
2016-05-24,Q1,NH4-N,9.25
2016-05-24,Q1,K,0.9244444444444444
2016-05-24,Q1,Mg,2.9766666666666666
2016-05-24,Q1,Ca,6
2016-07-26,Q1,NO3-N,95.625
2016-07-26,Q1,NH4-N,6.666666666666667
2016-07-26,Q1,K,0.9311111111111111
2016-07-26,Q1,Mg,2.9044444444444446
2016-07-26,Q1,Ca,5.6433333333333335
2016-09-27,Q1,NO3-N,121.44444444444444
2016-09-27,Q1,NH4-N,NA
2016-09-27,Q1,K,0.9388888888888889
2016-09-27,Q1,Mg,3.022222222222222
2016-09-27,Q1,Ca,5.832222222222223
2016-11-29,Q1,NO3-N,133.44444444444446
2016-11-29,Q1,NH4-N,6.666666666666667
2016-11-29,Q1,K,0.9388888888888889
2016-11-29,Q1,Mg,2.6055555555555556
2016-11-29,Q1,Ca,5.036666666666666
2017-01-31,Q1,NO3-N,117.11111111111111
2017-01-31,Q1,NH4-N,67.5
2017-01-31,Q1,K,0.9766666666666667
2017-01-31,Q1,Mg,2.94
2017-01-31,Q1,Ca,5.365555555555556
2017-04-04,Q1,NO3-N,109.16666666666667
2017-04-04,Q1,NH4-N,8
2017-04-04,Q1,K,0.99
2017-04-04,Q1,Mg,2.7644444444444445
2017-04-04,Q1,Ca,5.064444444444445
2017-06-06,Q1,NO3-N,110.44444444444444
2017-06-06,Q1,NH4-N,28
2017-06-06,Q1,K,0.9177777777777778
2017-06-06,Q1,Mg,3.307777777777778
2017-06-06,Q1,Ca,5.997777777777777
2017-08-08,Q1,NO3-N,120.75
2017-08-08,Q1,NH4-N,6
2017-08-08,Q1,K,0.985
2017-08-08,Q1,Mg,3.0375
2017-08-08,Q1,Ca,5.382499999999999
2017-10-10,Q1,NO3-N,68.8
2017-10-10,Q1,NH4-N,8
2017-10-10,Q1,K,1.254
2017-10-10,Q1,Mg,2.566
2017-10-10,Q1,Ca,4.734
2017-12-12,Q1,NO3-N,164.625
2017-12-12,Q1,NH4-N,20
2017-12-12,Q1,K,1.2255555555555555
2017-12-12,Q1,Mg,2.8266666666666667
2017-12-12,Q1,Ca,5.2122222222222225
2018-02-13,Q1,NO3-N,88
2018-02-13,Q1,NH4-N,8
2018-02-13,Q1,K,0.9400000000000001
2018-02-13,Q1,Mg,2.5766666666666667
2018-02-13,Q1,Ca,5.155555555555556
2018-04-17,Q1,NO3-N,57
2018-04-17,Q1,NH4-N,11.75
2018-04-17,Q1,K,1.0077777777777779
2018-04-17,Q1,Mg,2.8111111111111113
2018-04-17,Q1,Ca,5.323333333333333
2018-06-19,Q1,NO3-N,81
2018-06-19,Q1,NH4-N,10
2018-06-19,Q1,K,0.9933333333333333
2018-06-19,Q1,Mg,3.04
2018-06-19,Q1,Ca,5.904444444444445
2018-08-21,Q1,NO3-N,72
2018-08-21,Q1,NH4-N,6
2018-08-21,Q1,K,1.064
2018-08-21,Q1,Mg,2.906
2018-08-21,Q1,Ca,5.37
2018-10-23,Q1,NO3-N,82.16666666666667
2018-10-23,Q1,NH4-N,7
2018-10-23,Q1,K,0.96
2018-10-23,Q1,Mg,2.802857142857143
2018-10-23,Q1,Ca,5.345714285714286
2018-12-25,Q1,NO3-N,57.4
2018-12-25,Q1,NH4-N,6
2018-12-25,Q1,K,0.90625
2018-12-25,Q1,Mg,3.335
2018-12-25,Q1,Ca,6.195
2019-02-26,Q1,NO3-N,92.5
2019-02-26,Q1,NH4-N,12
2019-02-26,Q1,K,0.9144444444444444
2019-02-26,Q1,Mg,3.341111111111111
2019-02-26,Q1,Ca,6.39
2019-04-30,Q1,NO3-N,63.714285714285715
2019-04-30,Q1,NH4-N,NA
2019-04-30,Q1,K,0.8966666666666666
2019-04-30,Q1,Mg,3.1688888888888886
2019-04-30,Q1,Ca,5.982222222222222
2019-07-02,Q1,NO3-N,78.5
2019-07-02,Q1,NH4-N,7.333333333333333
2019-07-02,Q1,K,0.8655555555555555
2019-07-02,Q1,Mg,2.958888888888889
2019-07-02,Q1,Ca,5.556666666666667
2019-09-03,Q1,NO3-N,105.6
2019-09-03,Q1,NH4-N,5.6
2019-09-03,Q1,K,0.9033333333333333
2019-09-03,Q1,Mg,3.11
2019-09-03,Q1,Ca,5.3533333333333335
2019-11-05,Q1,NO3-N,114.625
2019-11-05,Q1,NH4-N,8
2019-11-05,Q1,K,0.9933333333333333
2019-11-05,Q1,Mg,2.7622222222222224
2019-11-05,Q1,Ca,5.04
2020-01-07,Q1,NO3-N,128
2020-01-07,Q1,NH4-N,14
2020-01-07,Q1,K,0.8866666666666667
2020-01-07,Q1,Mg,2.641111111111111
2020-01-07,Q1,Ca,4.823333333333333
2020-03-10,Q1,NO3-N,129
2020-03-10,Q1,NH4-N,NA
2020-03-10,Q1,K,1.03
2020-03-10,Q1,Mg,3.435
2020-03-10,Q1,Ca,7.109999999999999
2020-05-12,Q1,NO3-N,67
2020-05-12,Q1,NH4-N,18
2020-05-12,Q1,K,0.92
2020-05-12,Q1,Mg,1.82
2020-05-12,Q1,Ca,3.57
2020-07-14,Q1,NO3-N,108.57142857142857
2020-07-14,Q1,NH4-N,8.75
2020-07-14,Q1,K,0.9185714285714286
2020-07-14,Q1,Mg,2.9485714285714284
2020-07-14,Q1,Ca,5.925714285714286
2020-09-15,Q1,NO3-N,136.75
2020-09-15,Q1,NH4-N,9.166666666666666
2020-09-15,Q1,K,0.95
2020-09-15,Q1,Mg,2.785
2020-09-15,Q1,Ca,4.965
2020-11-17,Q1,NO3-N,145.33333333333334
2020-11-17,Q1,NH4-N,10.285714285714286
2020-11-17,Q1,K,1.0150000000000001
2020-11-17,Q1,Mg,3.175
2020-11-17,Q1,Ca,5.890000000000001
1986-05-20,Q2,NO3-N,208.66666666666666
1986-05-20,Q2,NH4-N,NA
1986-05-20,Q2,K,0.79
1986-05-20,Q2,Mg,3.0033333333333334
1986-05-20,Q2,Ca,4.9
1986-07-22,Q2,NO3-N,NA
1986-07-22,Q2,NH4-N,NA
1986-07-22,Q2,K,NA
1986-07-22,Q2,Mg,NA
1986-07-22,Q2,Ca,NA
1986-09-23,Q2,NO3-N,206.6
1986-09-23,Q2,NH4-N,22.6
1986-09-23,Q2,K,0.716
1986-09-23,Q2,Mg,2.43
1986-09-23,Q2,Ca,4.946
1986-11-25,Q2,NO3-N,268.1111111111111
1986-11-25,Q2,NH4-N,17.25
1986-11-25,Q2,K,0.6922222222222223
1986-11-25,Q2,Mg,2.5211111111111113
1986-11-25,Q2,Ca,4.742222222222222
1987-01-27,Q2,NO3-N,219.625
1987-01-27,Q2,NH4-N,14
1987-01-27,Q2,K,0.76
1987-01-27,Q2,Mg,2.658888888888889
1987-01-27,Q2,Ca,4.924444444444444
1987-03-31,Q2,NO3-N,259.85714285714283
1987-03-31,Q2,NH4-N,39
1987-03-31,Q2,K,0.9455555555555556
1987-03-31,Q2,Mg,2.29
1987-03-31,Q2,Ca,4.682222222222222
1987-06-02,Q2,NO3-N,232.77777777777777
1987-06-02,Q2,NH4-N,70.66666666666667
1987-06-02,Q2,K,0.8188888888888889
1987-06-02,Q2,Mg,2.49
1987-06-02,Q2,Ca,4.915555555555556
1987-08-04,Q2,NO3-N,231.3846153846154
1987-08-04,Q2,NH4-N,32.84615384615385
1987-08-04,Q2,K,0.8530769230769231
1987-08-04,Q2,Mg,2.037692307692308
1987-08-04,Q2,Ca,4.03
1987-10-06,Q2,NO3-N,191
1987-10-06,Q2,NH4-N,12.1
1987-10-06,Q2,K,0.856
1987-10-06,Q2,Mg,2.0949999999999998
1987-10-06,Q2,Ca,4.21
1987-12-08,Q2,NO3-N,253.86666666666667
1987-12-08,Q2,NH4-N,18.36842105263158
1987-12-08,Q2,K,0.8668421052631579
1987-12-08,Q2,Mg,2.04
1987-12-08,Q2,Ca,4.324736842105263
1988-02-09,Q2,NO3-N,185
1988-02-09,Q2,NH4-N,18.857142857142858
1988-02-09,Q2,K,0.7775
1988-02-09,Q2,Mg,2.34625
1988-02-09,Q2,Ca,4.33875
1988-04-12,Q2,NO3-N,216.7
1988-04-12,Q2,NH4-N,57.55555555555556
1988-04-12,Q2,K,0.807
1988-04-12,Q2,Mg,2.187
1988-04-12,Q2,Ca,3.868
1988-06-14,Q2,NO3-N,NA
1988-06-14,Q2,NH4-N,67.5
1988-06-14,Q2,K,0.7545454545454545
1988-06-14,Q2,Mg,2.2381818181818183
1988-06-14,Q2,Ca,3.561818181818182
1988-08-16,Q2,NO3-N,184.72727272727272
1988-08-16,Q2,NH4-N,26.25
1988-08-16,Q2,K,0.7761538461538462
1988-08-16,Q2,Mg,2.0591666666666666
1988-08-16,Q2,Ca,3.805
1988-10-18,Q2,NO3-N,224.125
1988-10-18,Q2,NH4-N,61
1988-10-18,Q2,K,0.8475
1988-10-18,Q2,Mg,2.38125
1988-10-18,Q2,Ca,4.18625
1988-12-20,Q2,NO3-N,219.11111111111111
1988-12-20,Q2,NH4-N,NA
1988-12-20,Q2,K,0.9077777777777778
1988-12-20,Q2,Mg,2.4833333333333334
1988-12-20,Q2,Ca,4.488888888888889
1989-02-21,Q2,NO3-N,224.9
1989-02-21,Q2,NH4-N,NA
1989-02-21,Q2,K,0.8377777777777777
1989-02-21,Q2,Mg,2.7688888888888887
1989-02-21,Q2,Ca,4.62
1989-04-25,Q2,NO3-N,174
1989-04-25,Q2,NH4-N,NA
1989-04-25,Q2,K,0.9366666666666666
1989-04-25,Q2,Mg,2.6755555555555555
1989-04-25,Q2,Ca,4.58
1989-06-27,Q2,NO3-N,176
1989-06-27,Q2,NH4-N,NA
1989-06-27,Q2,K,1.0044444444444445
1989-06-27,Q2,Mg,2.3566666666666665
1989-06-27,Q2,Ca,4.605555555555556
1989-08-29,Q2,NO3-N,137.42857142857142
1989-08-29,Q2,NH4-N,NA
1989-08-29,Q2,K,1.1718181818181819
1989-08-29,Q2,Mg,2.789
1989-08-29,Q2,Ca,5.341
1989-10-31,Q2,NO3-N,424.3
1989-10-31,Q2,NH4-N,NA
1989-10-31,Q2,K,1.339
1989-10-31,Q2,Mg,3.138
1989-10-31,Q2,Ca,6.071
1990-01-02,Q2,NO3-N,194.75
1990-01-02,Q2,NH4-N,NA
1990-01-02,Q2,K,1.3822222222222222
1990-01-02,Q2,Mg,3.12
1990-01-02,Q2,Ca,6.677777777777778
1990-03-06,Q2,NO3-N,460.9090909090909
1990-03-06,Q2,NH4-N,NA
1990-03-06,Q2,K,1.393076923076923
1990-03-06,Q2,Mg,2.46
1990-03-06,Q2,Ca,5.222307692307692
1990-05-08,Q2,NO3-N,301.5
1990-05-08,Q2,NH4-N,NA
1990-05-08,Q2,K,1.262
1990-05-08,Q2,Mg,3.079
1990-05-08,Q2,Ca,6.397
1990-07-10,Q2,NO3-N,177.44444444444446
1990-07-10,Q2,NH4-N,NA
1990-07-10,Q2,K,0.9955555555555555
1990-07-10,Q2,Mg,3.2844444444444445
1990-07-10,Q2,Ca,7.045555555555556
1990-09-11,Q2,NO3-N,101
1990-09-11,Q2,NH4-N,NA
1990-09-11,Q2,K,0.8822222222222222
1990-09-11,Q2,Mg,2.76
1990-09-11,Q2,Ca,6.1322222222222225
1990-11-13,Q2,NO3-N,211.45454545454547
1990-11-13,Q2,NH4-N,NA
1990-11-13,Q2,K,1.0463636363636364
1990-11-13,Q2,Mg,2.9263636363636363
1990-11-13,Q2,Ca,6.368181818181818
1991-01-15,Q2,NO3-N,124.71428571428571
1991-01-15,Q2,NH4-N,NA
1991-01-15,Q2,K,0.8288888888888889
1991-01-15,Q2,Mg,3.0255555555555556
1991-01-15,Q2,Ca,6.865555555555556
1991-03-19,Q2,NO3-N,77.44444444444443
1991-03-19,Q2,NH4-N,NA
1991-03-19,Q2,K,0.8922222222222222
1991-03-19,Q2,Mg,2.92
1991-03-19,Q2,Ca,5.662222222222222
1991-05-21,Q2,NO3-N,85.125
1991-05-21,Q2,NH4-N,NA
1991-05-21,Q2,K,1.078
1991-05-21,Q2,Mg,3.005
1991-05-21,Q2,Ca,3.7439999999999998
1991-07-23,Q2,NO3-N,60.2
1991-07-23,Q2,NH4-N,NA
1991-07-23,Q2,K,1.271
1991-07-23,Q2,Mg,3.157
1991-07-23,Q2,Ca,6.536
1991-09-24,Q2,NO3-N,170.83333333333331
1991-09-24,Q2,NH4-N,NA
1991-09-24,Q2,K,1.2816666666666667
1991-09-24,Q2,Mg,2.6133333333333333
1991-09-24,Q2,Ca,4.645833333333333
1991-11-26,Q2,NO3-N,296.1111111111111
1991-11-26,Q2,NH4-N,NA
1991-11-26,Q2,K,1.198888888888889
1991-11-26,Q2,Mg,3.051111111111111
1991-11-26,Q2,Ca,5.783333333333333
1992-01-28,Q2,NO3-N,191.11111111111111
1992-01-28,Q2,NH4-N,NA
1992-01-28,Q2,K,1.284
1992-01-28,Q2,Mg,2.969
1992-01-28,Q2,Ca,6.08
1992-03-31,Q2,NO3-N,135.125
1992-03-31,Q2,NH4-N,NA
1992-03-31,Q2,K,1.1555555555555557
1992-03-31,Q2,Mg,2.8533333333333335
1992-03-31,Q2,Ca,5.455555555555556
1992-06-02,Q2,NO3-N,58
1992-06-02,Q2,NH4-N,NA
1992-06-02,Q2,K,1.26
1992-06-02,Q2,Mg,2.9877777777777776
1992-06-02,Q2,Ca,6.188888888888889
1992-08-04,Q2,NO3-N,79.66666666666667
1992-08-04,Q2,NH4-N,NA
1992-08-04,Q2,K,1.2733333333333332
1992-08-04,Q2,Mg,3.04
1992-08-04,Q2,Ca,6.444444444444445
1992-10-06,Q2,NO3-N,47.75
1992-10-06,Q2,NH4-N,NA
1992-10-06,Q2,K,1.1822222222222223
1992-10-06,Q2,Mg,2.738888888888889
1992-10-06,Q2,Ca,5.905555555555556
1992-12-08,Q2,NO3-N,172
1992-12-08,Q2,NH4-N,NA
1992-12-08,Q2,K,1.2344444444444445
1992-12-08,Q2,Mg,3.0322222222222224
1992-12-08,Q2,Ca,6.345555555555555
1993-02-09,Q2,NO3-N,145.5
1993-02-09,Q2,NH4-N,NA
1993-02-09,Q2,K,1.38
1993-02-09,Q2,Mg,3.3477777777777775
1993-02-09,Q2,Ca,6.855555555555555
1993-04-13,Q2,NO3-N,89.75
1993-04-13,Q2,NH4-N,NA
1993-04-13,Q2,K,1.3155555555555556
1993-04-13,Q2,Mg,2.8722222222222222
1993-04-13,Q2,Ca,5.665555555555556
1993-06-15,Q2,NO3-N,95.4
1993-06-15,Q2,NH4-N,NA
1993-06-15,Q2,K,1.49
1993-06-15,Q2,Mg,3.163333333333333
1993-06-15,Q2,Ca,7.022222222222222
1993-08-17,Q2,NO3-N,61.625
1993-08-17,Q2,NH4-N,NA
1993-08-17,Q2,K,1.2966666666666666
1993-08-17,Q2,Mg,2.8777777777777778
1993-08-17,Q2,Ca,6.525555555555555
1993-10-19,Q2,NO3-N,41.22222222222222
1993-10-19,Q2,NH4-N,NA
1993-10-19,Q2,K,1.3855555555555557
1993-10-19,Q2,Mg,2.966666666666667
1993-10-19,Q2,Ca,6.611111111111112
1993-12-21,Q2,NO3-N,12.5
1993-12-21,Q2,NH4-N,NA
1993-12-21,Q2,K,1.3711111111111112
1993-12-21,Q2,Mg,2.694444444444444
1993-12-21,Q2,Ca,5.996666666666667
1994-02-22,Q2,NO3-N,37.5
1994-02-22,Q2,NH4-N,NA
1994-02-22,Q2,K,1.3444444444444446
1994-02-22,Q2,Mg,2.9522222222222223
1994-02-22,Q2,Ca,6.587777777777778
1994-04-26,Q2,NO3-N,22.25
1994-04-26,Q2,NH4-N,NA
1994-04-26,Q2,K,1.3925
1994-04-26,Q2,Mg,3.24125
1994-04-26,Q2,Ca,6.95875
1994-06-28,Q2,NO3-N,145.5
1994-06-28,Q2,NH4-N,NA
1994-06-28,Q2,K,1.1633333333333333
1994-06-28,Q2,Mg,2.4833333333333334
1994-06-28,Q2,Ca,5.0649999999999995
1994-08-30,Q2,NO3-N,NA
1994-08-30,Q2,NH4-N,NA
1994-08-30,Q2,K,1.32
1994-08-30,Q2,Mg,1.975
1994-08-30,Q2,Ca,4.325
1994-11-01,Q2,NO3-N,NA
1994-11-01,Q2,NH4-N,NA
1994-11-01,Q2,K,1.25375
1994-11-01,Q2,Mg,2.48875
1994-11-01,Q2,Ca,5.3075
1995-01-03,Q2,NO3-N,NA
1995-01-03,Q2,NH4-N,NA
1995-01-03,Q2,K,1.15625
1995-01-03,Q2,Mg,2.9475
1995-01-03,Q2,Ca,6.3
1995-03-07,Q2,NO3-N,NA
1995-03-07,Q2,NH4-N,NA
1995-03-07,Q2,K,1.1066666666666667
1995-03-07,Q2,Mg,3.0083333333333333
1995-03-07,Q2,Ca,6.4383333333333335
1995-05-09,Q2,NO3-N,NA
1995-05-09,Q2,NH4-N,NA
1995-05-09,Q2,K,1.134
1995-05-09,Q2,Mg,2.846
1995-05-09,Q2,Ca,6
1995-07-11,Q2,NO3-N,NA
1995-07-11,Q2,NH4-N,NA
1995-07-11,Q2,K,1.055
1995-07-11,Q2,Mg,2.935
1995-07-11,Q2,Ca,6.38
1995-09-12,Q2,NO3-N,NA
1995-09-12,Q2,NH4-N,NA
1995-09-12,Q2,K,NA
1995-09-12,Q2,Mg,NA
1995-09-12,Q2,Ca,NA
1995-11-14,Q2,NO3-N,NA
1995-11-14,Q2,NH4-N,NA
1995-11-14,Q2,K,1.4224999999999999
1995-11-14,Q2,Mg,3.54
1995-11-14,Q2,Ca,7.6775
1996-01-16,Q2,NO3-N,NA
1996-01-16,Q2,NH4-N,NA
1996-01-16,Q2,K,1.26125
1996-01-16,Q2,Mg,3.1825
1996-01-16,Q2,Ca,6.785
1996-03-19,Q2,NO3-N,NA
1996-03-19,Q2,NH4-N,NA
1996-03-19,Q2,K,1.123
1996-03-19,Q2,Mg,2.888
1996-03-19,Q2,Ca,5.861
1996-05-21,Q2,NO3-N,NA
1996-05-21,Q2,NH4-N,NA
1996-05-21,Q2,K,1.3544444444444443
1996-05-21,Q2,Mg,2.8966666666666665
1996-05-21,Q2,Ca,6.142222222222222
1996-07-23,Q2,NO3-N,321
1996-07-23,Q2,NH4-N,NA
1996-07-23,Q2,K,1.22
1996-07-23,Q2,Mg,3.118888888888889
1996-07-23,Q2,Ca,6.585555555555556
1996-09-24,Q2,NO3-N,262.8
1996-09-24,Q2,NH4-N,NA
1996-09-24,Q2,K,1.135
1996-09-24,Q2,Mg,2.96125
1996-09-24,Q2,Ca,6.28
1996-11-26,Q2,NO3-N,314.25
1996-11-26,Q2,NH4-N,NA
1996-11-26,Q2,K,1.19625
1996-11-26,Q2,Mg,2.99
1996-11-26,Q2,Ca,7.0575
1997-01-28,Q2,NO3-N,299.1111111111111
1997-01-28,Q2,NH4-N,NA
1997-01-28,Q2,K,1.0477777777777777
1997-01-28,Q2,Mg,2.982222222222222
1997-01-28,Q2,Ca,6.6177777777777775
1997-04-01,Q2,NO3-N,158.875
1997-04-01,Q2,NH4-N,NA
1997-04-01,Q2,K,1.09125
1997-04-01,Q2,Mg,2.80625
1997-04-01,Q2,Ca,6.30125
1997-06-03,Q2,NO3-N,131.5
1997-06-03,Q2,NH4-N,NA
1997-06-03,Q2,K,0.9755555555555555
1997-06-03,Q2,Mg,2.7111111111111112
1997-06-03,Q2,Ca,5.71
1997-08-05,Q2,NO3-N,104.88888888888889
1997-08-05,Q2,NH4-N,NA
1997-08-05,Q2,K,0.9966666666666667
1997-08-05,Q2,Mg,2.6822222222222223
1997-08-05,Q2,Ca,5.9222222222222225
1997-10-07,Q2,NO3-N,137.375
1997-10-07,Q2,NH4-N,NA
1997-10-07,Q2,K,0.89625
1997-10-07,Q2,Mg,2.30375
1997-10-07,Q2,Ca,4.65375
1997-12-09,Q2,NO3-N,123.85714285714286
1997-12-09,Q2,NH4-N,22.8
1997-12-09,Q2,K,0.8242857142857143
1997-12-09,Q2,Mg,1.9633333333333334
1997-12-09,Q2,Ca,4.704444444444444
1998-02-10,Q2,NO3-N,112
1998-02-10,Q2,NH4-N,11.333333333333334
1998-02-10,Q2,K,1.3077777777777777
1998-02-10,Q2,Mg,2.49
1998-02-10,Q2,Ca,4.087777777777777
1998-04-14,Q2,NO3-N,100.75
1998-04-14,Q2,NH4-N,18.166666666666668
1998-04-14,Q2,K,1.1011111111111112
1998-04-14,Q2,Mg,2.4322222222222223
1998-04-14,Q2,Ca,4.908888888888889
1998-06-16,Q2,NO3-N,107
1998-06-16,Q2,NH4-N,8
1998-06-16,Q2,K,0.8557142857142858
1998-06-16,Q2,Mg,2.5
1998-06-16,Q2,Ca,5.384285714285714
1998-08-18,Q2,NO3-N,176.85714285714286
1998-08-18,Q2,NH4-N,9.333333333333334
1998-08-18,Q2,K,1.1713333333333333
1998-08-18,Q2,Mg,2.51
1998-08-18,Q2,Ca,5.642666666666667
1998-10-20,Q2,NO3-N,352.55555555555554
1998-10-20,Q2,NH4-N,NA
1998-10-20,Q2,K,1.2144444444444444
1998-10-20,Q2,Mg,2.577777777777778
1998-10-20,Q2,Ca,6.316666666666666
1998-12-22,Q2,NO3-N,341
1998-12-22,Q2,NH4-N,25.6
1998-12-22,Q2,K,1.0977777777777777
1998-12-22,Q2,Mg,3.192222222222222
1998-12-22,Q2,Ca,6.183333333333334
1999-02-23,Q2,NO3-N,279.3333333333333
1999-02-23,Q2,NH4-N,5.5
1999-02-23,Q2,K,1.1655555555555557
1999-02-23,Q2,Mg,3.2044444444444444
1999-02-23,Q2,Ca,6.612222222222222
1999-04-27,Q2,NO3-N,200.33333333333334
1999-04-27,Q2,NH4-N,6
1999-04-27,Q2,K,1.2077777777777778
1999-04-27,Q2,Mg,2.901111111111111
1999-04-27,Q2,Ca,6.057777777777778
1999-06-29,Q2,NO3-N,136.66666666666666
1999-06-29,Q2,NH4-N,8
1999-06-29,Q2,K,1.0222222222222221
1999-06-29,Q2,Mg,2.3844444444444446
1999-06-29,Q2,Ca,4.648888888888889
1999-08-31,Q2,NO3-N,209
1999-08-31,Q2,NH4-N,11
1999-08-31,Q2,K,0.9766666666666667
1999-08-31,Q2,Mg,2.5011111111111113
1999-08-31,Q2,Ca,5.2588888888888885
1999-11-02,Q2,NO3-N,269.6
1999-11-02,Q2,NH4-N,NA
1999-11-02,Q2,K,0.8875
1999-11-02,Q2,Mg,2.8066666666666666
1999-11-02,Q2,Ca,5.097777777777778
2000-01-04,Q2,NO3-N,216.55555555555554
2000-01-04,Q2,NH4-N,11.25
2000-01-04,Q2,K,0.8355555555555556
2000-01-04,Q2,Mg,2.8233333333333333
2000-01-04,Q2,Ca,5.558888888888889
2000-03-07,Q2,NO3-N,225.8
2000-03-07,Q2,NH4-N,9
2000-03-07,Q2,K,1
2000-03-07,Q2,Mg,3.32
2000-03-07,Q2,Ca,6.494
2000-05-09,Q2,NO3-N,75.66666666666667
2000-05-09,Q2,NH4-N,6
2000-05-09,Q2,K,0.89
2000-05-09,Q2,Mg,2.006666666666667
2000-05-09,Q2,Ca,4.39
2000-07-11,Q2,NO3-N,126
2000-07-11,Q2,NH4-N,12.5
2000-07-11,Q2,K,0.9375
2000-07-11,Q2,Mg,2.5149999999999997
2000-07-11,Q2,Ca,5.7125
2000-09-12,Q2,NO3-N,130.11111111111111
2000-09-12,Q2,NH4-N,20
2000-09-12,Q2,K,0.9066666666666667
2000-09-12,Q2,Mg,2.422222222222222
2000-09-12,Q2,Ca,4.94
2000-11-14,Q2,NO3-N,170
2000-11-14,Q2,NH4-N,13.75
2000-11-14,Q2,K,0.9866666666666667
2000-11-14,Q2,Mg,2.8033333333333332
2000-11-14,Q2,Ca,5.474444444444444
2001-01-16,Q2,NO3-N,195.2
2001-01-16,Q2,NH4-N,8.25
2001-01-16,Q2,K,0.95
2001-01-16,Q2,Mg,3.146
2001-01-16,Q2,Ca,6.418
2001-03-20,Q2,NO3-N,66.25
2001-03-20,Q2,NH4-N,10
2001-03-20,Q2,K,0.9750000000000001
2001-03-20,Q2,Mg,2.0324999999999998
2001-03-20,Q2,Ca,4.55
2001-05-22,Q2,NO3-N,114.375
2001-05-22,Q2,NH4-N,7.75
2001-05-22,Q2,K,1.08
2001-05-22,Q2,Mg,2.855
2001-05-22,Q2,Ca,5.605
2001-07-24,Q2,NO3-N,107.71428571428571
2001-07-24,Q2,NH4-N,5
2001-07-24,Q2,K,1.0271428571428571
2001-07-24,Q2,Mg,2.8328571428571427
2001-07-24,Q2,Ca,6.121428571428572
2001-09-25,Q2,NO3-N,154
2001-09-25,Q2,NH4-N,13.5
2001-09-25,Q2,K,1.08625
2001-09-25,Q2,Mg,2.66875
2001-09-25,Q2,Ca,5.4275
2001-11-27,Q2,NO3-N,220.22222222222223
2001-11-27,Q2,NH4-N,9.333333333333334
2001-11-27,Q2,K,0.9966666666666667
2001-11-27,Q2,Mg,2.8133333333333335
2001-11-27,Q2,Ca,5.191111111111111
2002-01-29,Q2,NO3-N,198.11111111111111
2002-01-29,Q2,NH4-N,7.8
2002-01-29,Q2,K,0.9855555555555555
2002-01-29,Q2,Mg,3.1066666666666665
2002-01-29,Q2,Ca,5.951111111111111
2002-04-02,Q2,NO3-N,122
2002-04-02,Q2,NH4-N,7.428571428571429
2002-04-02,Q2,K,1.047777777777778
2002-04-02,Q2,Mg,2.5188888888888887
2002-04-02,Q2,Ca,5.0311111111111115
2002-06-04,Q2,NO3-N,138.33333333333334
2002-06-04,Q2,NH4-N,8.333333333333334
2002-06-04,Q2,K,0.9555555555555556
2002-06-04,Q2,Mg,2.922222222222222
2002-06-04,Q2,Ca,5.696666666666666
2002-08-06,Q2,NO3-N,125.4
2002-08-06,Q2,NH4-N,12.5
2002-08-06,Q2,K,0.994
2002-08-06,Q2,Mg,2.622
2002-08-06,Q2,Ca,5.868
2002-10-08,Q2,NO3-N,119.44444444444444
2002-10-08,Q2,NH4-N,11
2002-10-08,Q2,K,0.91
2002-10-08,Q2,Mg,2.6222222222222222
2002-10-08,Q2,Ca,5.771111111111111
2002-12-10,Q2,NO3-N,152.66666666666666
2002-12-10,Q2,NH4-N,10.88888888888889
2002-12-10,Q2,K,0.8911111111111111
2002-12-10,Q2,Mg,2.5733333333333333
2002-12-10,Q2,Ca,5.497777777777777
2003-02-11,Q2,NO3-N,139.88888888888889
2003-02-11,Q2,NH4-N,10.5
2003-02-11,Q2,K,0.9666666666666667
2003-02-11,Q2,Mg,3.0477777777777777
2003-02-11,Q2,Ca,6.912222222222223
2003-04-15,Q2,NO3-N,173.77777777777777
2003-04-15,Q2,NH4-N,10
2003-04-15,Q2,K,1.16
2003-04-15,Q2,Mg,2.42
2003-04-15,Q2,Ca,4.561111111111111
2003-06-17,Q2,NO3-N,169
2003-06-17,Q2,NH4-N,7.857142857142857
2003-06-17,Q2,K,1.1133333333333333
2003-06-17,Q2,Mg,2.723333333333333
2003-06-17,Q2,Ca,4.756666666666667
2003-08-19,Q2,NO3-N,158
2003-08-19,Q2,NH4-N,16.666666666666668
2003-08-19,Q2,K,1.021111111111111
2003-08-19,Q2,Mg,2.2755555555555556
2003-08-19,Q2,Ca,4.864444444444445
2003-10-21,Q2,NO3-N,183.33333333333334
2003-10-21,Q2,NH4-N,9.25
2003-10-21,Q2,K,1.0466666666666666
2003-10-21,Q2,Mg,2.53
2003-10-21,Q2,Ca,5.4366666666666665
2003-12-23,Q2,NO3-N,160.33333333333334
2003-12-23,Q2,NH4-N,11
2003-12-23,Q2,K,0.9655555555555556
2003-12-23,Q2,Mg,2.5166666666666666
2003-12-23,Q2,Ca,5.512222222222222
2004-02-24,Q2,NO3-N,154.55555555555554
2004-02-24,Q2,NH4-N,12.8
2004-02-24,Q2,K,1.0577777777777777
2004-02-24,Q2,Mg,2.6055555555555556
2004-02-24,Q2,Ca,5.412222222222222
2004-04-27,Q2,NO3-N,173.33333333333334
2004-04-27,Q2,NH4-N,15
2004-04-27,Q2,K,1.018888888888889
2004-04-27,Q2,Mg,2.3266666666666667
2004-04-27,Q2,Ca,4.624444444444444
2004-06-29,Q2,NO3-N,99.88888888888889
2004-06-29,Q2,NH4-N,11.5
2004-06-29,Q2,K,1.3466666666666667
2004-06-29,Q2,Mg,3.3955555555555557
2004-06-29,Q2,Ca,6.806666666666667
2004-08-31,Q2,NO3-N,149.42857142857142
2004-08-31,Q2,NH4-N,9.5
2004-08-31,Q2,K,1.03
2004-08-31,Q2,Mg,2.598888888888889
2004-08-31,Q2,Ca,5.476666666666667
2004-11-02,Q2,NO3-N,113.44444444444444
2004-11-02,Q2,NH4-N,12
2004-11-02,Q2,K,0.9266666666666666
2004-11-02,Q2,Mg,2.4444444444444446
2004-11-02,Q2,Ca,5.376666666666667
2005-01-04,Q2,NO3-N,152
2005-01-04,Q2,NH4-N,6
2005-01-04,Q2,K,0.7811111111111111
2005-01-04,Q2,Mg,2.8622222222222224
2005-01-04,Q2,Ca,5.996666666666667
2005-03-08,Q2,NO3-N,145.11111111111111
2005-03-08,Q2,NH4-N,9.333333333333334
2005-03-08,Q2,K,0.8688888888888889
2005-03-08,Q2,Mg,2.891111111111111
2005-03-08,Q2,Ca,6.101111111111111
2005-05-10,Q2,NO3-N,110.25
2005-05-10,Q2,NH4-N,15
2005-05-10,Q2,K,0.9288888888888889
2005-05-10,Q2,Mg,2.551111111111111
2005-05-10,Q2,Ca,5.467777777777778
2005-07-12,Q2,NO3-N,101.5
2005-07-12,Q2,NH4-N,8
2005-07-12,Q2,K,0.75
2005-07-12,Q2,Mg,2.608888888888889
2005-07-12,Q2,Ca,5.82
2005-09-13,Q2,NO3-N,126.33333333333333
2005-09-13,Q2,NH4-N,12
2005-09-13,Q2,K,0.8177777777777778
2005-09-13,Q2,Mg,2.517777777777778
2005-09-13,Q2,Ca,5.4688888888888885
2005-11-15,Q2,NO3-N,136.77777777777777
2005-11-15,Q2,NH4-N,8
2005-11-15,Q2,K,0.7533333333333333
2005-11-15,Q2,Mg,2.796666666666667
2005-11-15,Q2,Ca,6.133333333333333
2006-01-17,Q2,NO3-N,123.77777777777777
2006-01-17,Q2,NH4-N,9
2006-01-17,Q2,K,0.7966666666666666
2006-01-17,Q2,Mg,2.678888888888889
2006-01-17,Q2,Ca,5.5
2006-03-21,Q2,NO3-N,106.55555555555556
2006-03-21,Q2,NH4-N,NA
2006-03-21,Q2,K,0.8377777777777778
2006-03-21,Q2,Mg,2.7888888888888888
2006-03-21,Q2,Ca,6.1433333333333335
2006-05-23,Q2,NO3-N,145.11111111111111
2006-05-23,Q2,NH4-N,NA
2006-05-23,Q2,K,0.875
2006-05-23,Q2,Mg,2.6133333333333333
2006-05-23,Q2,Ca,5.594444444444444
2006-07-25,Q2,NO3-N,139.83333333333334
2006-07-25,Q2,NH4-N,6.5
2006-07-25,Q2,K,0.8577777777777778
2006-07-25,Q2,Mg,2.922222222222222
2006-07-25,Q2,Ca,6.7700000000000005
2006-09-26,Q2,NO3-N,100.22222222222223
2006-09-26,Q2,NH4-N,25.5
2006-09-26,Q2,K,0.8788888888888889
2006-09-26,Q2,Mg,2.5322222222222224
2006-09-26,Q2,Ca,6
2006-11-28,Q2,NO3-N,130.55555555555554
2006-11-28,Q2,NH4-N,8.5
2006-11-28,Q2,K,0.8666666666666667
2006-11-28,Q2,Mg,2.8344444444444443
2006-11-28,Q2,Ca,6.492222222222222
2007-01-30,Q2,NO3-N,130
2007-01-30,Q2,NH4-N,11.666666666666666
2007-01-30,Q2,K,0.8911111111111111
2007-01-30,Q2,Mg,3.1355555555555554
2007-01-30,Q2,Ca,6.456666666666667
2007-04-03,Q2,NO3-N,99.71428571428572
2007-04-03,Q2,NH4-N,5.75
2007-04-03,Q2,K,0.8477777777777777
2007-04-03,Q2,Mg,2.647777777777778
2007-04-03,Q2,Ca,5.061111111111111
2007-06-05,Q2,NO3-N,118.22222222222223
2007-06-05,Q2,NH4-N,6
2007-06-05,Q2,K,0.89
2007-06-05,Q2,Mg,2.908888888888889
2007-06-05,Q2,Ca,6.087777777777778
2007-08-07,Q2,NO3-N,92.77777777777777
2007-08-07,Q2,NH4-N,12.333333333333334
2007-08-07,Q2,K,0.8411111111111111
2007-08-07,Q2,Mg,2.756666666666667
2007-08-07,Q2,Ca,5.9511111111111115
2007-10-09,Q2,NO3-N,154.66666666666666
2007-10-09,Q2,NH4-N,6.2
2007-10-09,Q2,K,0.8077777777777778
2007-10-09,Q2,Mg,2.641111111111111
2007-10-09,Q2,Ca,5.7588888888888885
2007-12-11,Q2,NO3-N,118.5
2007-12-11,Q2,NH4-N,7
2007-12-11,Q2,K,0.8875
2007-12-11,Q2,Mg,2.995
2007-12-11,Q2,Ca,6.555
2008-02-12,Q2,NO3-N,108.11111111111111
2008-02-12,Q2,NH4-N,9.166666666666666
2008-02-12,Q2,K,0.8666666666666667
2008-02-12,Q2,Mg,3.148888888888889
2008-02-12,Q2,Ca,6.342222222222222
2008-04-15,Q2,NO3-N,92.55555555555556
2008-04-15,Q2,NH4-N,NA
2008-04-15,Q2,K,0.9177777777777778
2008-04-15,Q2,Mg,2.9444444444444446
2008-04-15,Q2,Ca,6.631111111111111
2008-06-17,Q2,NO3-N,119.25
2008-06-17,Q2,NH4-N,12.5
2008-06-17,Q2,K,0.8975
2008-06-17,Q2,Mg,3.2975000000000003
2008-06-17,Q2,Ca,6.7
2008-08-19,Q2,NO3-N,111.88888888888889
2008-08-19,Q2,NH4-N,13
2008-08-19,Q2,K,0.8377777777777777
2008-08-19,Q2,Mg,2.898888888888889
2008-08-19,Q2,Ca,5.502222222222223
2008-10-21,Q2,NO3-N,128.22222222222223
2008-10-21,Q2,NH4-N,8
2008-10-21,Q2,K,0.7355555555555555
2008-10-21,Q2,Mg,3.37
2008-10-21,Q2,Ca,6.203333333333333
2008-12-23,Q2,NO3-N,121
2008-12-23,Q2,NH4-N,9.75
2008-12-23,Q2,K,0.8355555555555555
2008-12-23,Q2,Mg,3.1566666666666667
2008-12-23,Q2,Ca,7.202222222222223
2009-02-24,Q2,NO3-N,134.66666666666666
2009-02-24,Q2,NH4-N,13
2009-02-24,Q2,K,0.9222222222222222
2009-02-24,Q2,Mg,3.3066666666666666
2009-02-24,Q2,Ca,7.966666666666667
2009-04-28,Q2,NO3-N,100.66666666666667
2009-04-28,Q2,NH4-N,9
2009-04-28,Q2,K,0.9711111111111111
2009-04-28,Q2,Mg,2.8022222222222224
2009-04-28,Q2,Ca,6.076666666666667
2009-06-30,Q2,NO3-N,108.22222222222223
2009-06-30,Q2,NH4-N,13.333333333333334
2009-06-30,Q2,K,0.9544444444444444
2009-06-30,Q2,Mg,2.993333333333333
2009-06-30,Q2,Ca,6.183333333333334
2009-09-01,Q2,NO3-N,86
2009-09-01,Q2,NH4-N,7
2009-09-01,Q2,K,0.9355555555555556
2009-09-01,Q2,Mg,2.8533333333333335
2009-09-01,Q2,Ca,6.763333333333334
2009-11-03,Q2,NO3-N,106.75
2009-11-03,Q2,NH4-N,9
2009-11-03,Q2,K,0.9355555555555556
2009-11-03,Q2,Mg,2.8655555555555554
2009-11-03,Q2,Ca,6.624444444444444
2010-01-05,Q2,NO3-N,118.33333333333333
2010-01-05,Q2,NH4-N,21
2010-01-05,Q2,K,0.8266666666666667
2010-01-05,Q2,Mg,2.9122222222222223
2010-01-05,Q2,Ca,6.915555555555556
2010-03-09,Q2,NO3-N,95.66666666666667
2010-03-09,Q2,NH4-N,18.25
2010-03-09,Q2,K,0.7422222222222222
2010-03-09,Q2,Mg,2.8966666666666665
2010-03-09,Q2,Ca,6.372222222222222
2010-05-11,Q2,NO3-N,110.33333333333333
2010-05-11,Q2,NH4-N,6.333333333333333
2010-05-11,Q2,K,0.8088888888888889
2010-05-11,Q2,Mg,2.668888888888889
2010-05-11,Q2,Ca,5.928888888888889
2010-07-13,Q2,NO3-N,114
2010-07-13,Q2,NH4-N,12.4
2010-07-13,Q2,K,0.84625
2010-07-13,Q2,Mg,2.53375
2010-07-13,Q2,Ca,5.72875
2010-09-14,Q2,NO3-N,169.11111111111111
2010-09-14,Q2,NH4-N,7.75
2010-09-14,Q2,K,1.1275
2010-09-14,Q2,Mg,2.70125
2010-09-14,Q2,Ca,6.0625
2010-11-16,Q2,NO3-N,107.125
2010-11-16,Q2,NH4-N,10.666666666666666
2010-11-16,Q2,K,1.1300000000000001
2010-11-16,Q2,Mg,2.9144444444444444
2010-11-16,Q2,Ca,6.386666666666667
2011-01-18,Q2,NO3-N,114
2011-01-18,Q2,NH4-N,19
2011-01-18,Q2,K,0.7266666666666667
2011-01-18,Q2,Mg,2.98
2011-01-18,Q2,Ca,7.401111111111111
2011-03-22,Q2,NO3-N,85
2011-03-22,Q2,NH4-N,NA
2011-03-22,Q2,K,0.7224999999999999
2011-03-22,Q2,Mg,2.13
2011-03-22,Q2,Ca,5.3475
2011-05-24,Q2,NO3-N,89.125
2011-05-24,Q2,NH4-N,NA
2011-05-24,Q2,K,0.8233333333333334
2011-05-24,Q2,Mg,2.5166666666666666
2011-05-24,Q2,Ca,7.257777777777778
2011-07-26,Q2,NO3-N,75.5
2011-07-26,Q2,NH4-N,12
2011-07-26,Q2,K,0.77875
2011-07-26,Q2,Mg,2.32625
2011-07-26,Q2,Ca,5.8825
2011-09-27,Q2,NO3-N,118.33333333333333
2011-09-27,Q2,NH4-N,9.333333333333334
2011-09-27,Q2,K,0.8266666666666667
2011-09-27,Q2,Mg,2.9133333333333336
2011-09-27,Q2,Ca,7.573333333333333
2011-11-29,Q2,NO3-N,134.88888888888889
2011-11-29,Q2,NH4-N,25.333333333333332
2011-11-29,Q2,K,0.7944444444444444
2011-11-29,Q2,Mg,2.838888888888889
2011-11-29,Q2,Ca,7.59
2012-01-31,Q2,NO3-N,88.42857142857143
2012-01-31,Q2,NH4-N,NA
2012-01-31,Q2,K,0.8322222222222222
2012-01-31,Q2,Mg,2.973333333333333
2012-01-31,Q2,Ca,7.822222222222222
2012-04-03,Q2,NO3-N,66.5
2012-04-03,Q2,NH4-N,NA
2012-04-03,Q2,K,0.8133333333333334
2012-04-03,Q2,Mg,2.8111111111111113
2012-04-03,Q2,Ca,7.281111111111111
2012-06-05,Q2,NO3-N,117.42857142857143
2012-06-05,Q2,NH4-N,14.5
2012-06-05,Q2,K,0.7644444444444445
2012-06-05,Q2,Mg,2.7177777777777776
2012-06-05,Q2,Ca,6.448888888888889
2012-08-07,Q2,NO3-N,112.75
2012-08-07,Q2,NH4-N,9
2012-08-07,Q2,K,0.7911111111111111
2012-08-07,Q2,Mg,2.778888888888889
2012-08-07,Q2,Ca,6.511111111111111
2012-10-09,Q2,NO3-N,81
2012-10-09,Q2,NH4-N,7
2012-10-09,Q2,K,0.86
2012-10-09,Q2,Mg,2.401111111111111
2012-10-09,Q2,Ca,5.383333333333334
2012-12-11,Q2,NO3-N,135.16666666666666
2012-12-11,Q2,NH4-N,17
2012-12-11,Q2,K,0.86
2012-12-11,Q2,Mg,2.9033333333333333
2012-12-11,Q2,Ca,6.777777777777778
2013-02-12,Q2,NO3-N,84.5
2013-02-12,Q2,NH4-N,24
2013-02-12,Q2,K,0.8833333333333333
2013-02-12,Q2,Mg,2.6266666666666665
2013-02-12,Q2,Ca,5.105555555555555
2013-04-16,Q2,NO3-N,59.83333333333333
2013-04-16,Q2,NH4-N,14
2013-04-16,Q2,K,0.8366666666666667
2013-04-16,Q2,Mg,2.6144444444444446
2013-04-16,Q2,Ca,5.738888888888889
2013-06-18,Q2,NO3-N,66.75
2013-06-18,Q2,NH4-N,5.5
2013-06-18,Q2,K,0.65875
2013-06-18,Q2,Mg,2.8175
2013-06-18,Q2,Ca,6.85
2013-08-20,Q2,NO3-N,61.33333333333333
2013-08-20,Q2,NH4-N,8.5
2013-08-20,Q2,K,0.6585714285714286
2013-08-20,Q2,Mg,2.7314285714285713
2013-08-20,Q2,Ca,7.2785714285714285
2013-10-22,Q2,NO3-N,113.125
2013-10-22,Q2,NH4-N,11.25
2013-10-22,Q2,K,0.8744444444444445
2013-10-22,Q2,Mg,2.57
2013-10-22,Q2,Ca,5.98
2013-12-24,Q2,NO3-N,138.57142857142858
2013-12-24,Q2,NH4-N,15.333333333333332
2013-12-24,Q2,K,0.8888888888888888
2013-12-24,Q2,Mg,2.867777777777778
2013-12-24,Q2,Ca,5.88
2014-02-25,Q2,NO3-N,128.5
2014-02-25,Q2,NH4-N,6.666666666666667
2014-02-25,Q2,K,0.9355555555555556
2014-02-25,Q2,Mg,3.5077777777777777
2014-02-25,Q2,Ca,7.032222222222222
2014-04-29,Q2,NO3-N,115.5
2014-04-29,Q2,NH4-N,9
2014-04-29,Q2,K,1.10875
2014-04-29,Q2,Mg,3.065
2014-04-29,Q2,Ca,6.20875
2014-07-01,Q2,NO3-N,106
2014-07-01,Q2,NH4-N,10.5
2014-07-01,Q2,K,0.9833333333333334
2014-07-01,Q2,Mg,3.1
2014-07-01,Q2,Ca,6.622222222222222
2014-09-02,Q2,NO3-N,129.66666666666666
2014-09-02,Q2,NH4-N,6.25
2014-09-02,Q2,K,0.9788888888888889
2014-09-02,Q2,Mg,3.0933333333333333
2014-09-02,Q2,Ca,6.475555555555555
2014-11-04,Q2,NO3-N,73.16666666666667
2014-11-04,Q2,NH4-N,6.5
2014-11-04,Q2,K,0.8089999999999999
2014-11-04,Q2,Mg,2.809
2014-11-04,Q2,Ca,6.01
2015-01-06,Q2,NO3-N,108.5
2015-01-06,Q2,NH4-N,12
2015-01-06,Q2,K,0.9025
2015-01-06,Q2,Mg,3.04375
2015-01-06,Q2,Ca,6.66125
2015-03-10,Q2,NO3-N,156
2015-03-10,Q2,NH4-N,10.5
2015-03-10,Q2,K,1.04
2015-03-10,Q2,Mg,3.477777777777778
2015-03-10,Q2,Ca,7.191111111111111
2015-05-12,Q2,NO3-N,172
2015-05-12,Q2,NH4-N,NA
2015-05-12,Q2,K,1.2349999999999999
2015-05-12,Q2,Mg,4.26
2015-05-12,Q2,Ca,8.86
2015-07-14,Q2,NO3-N,NA
2015-07-14,Q2,NH4-N,NA
2015-07-14,Q2,K,NA
2015-07-14,Q2,Mg,NA
2015-07-14,Q2,Ca,NA
2015-09-15,Q2,NO3-N,200
2015-09-15,Q2,NH4-N,11.5
2015-09-15,Q2,K,0.845
2015-09-15,Q2,Mg,1.855
2015-09-15,Q2,Ca,4.205
2015-11-17,Q2,NO3-N,141.14285714285714
2015-11-17,Q2,NH4-N,6.25
2015-11-17,Q2,K,0.8333333333333334
2015-11-17,Q2,Mg,2.272222222222222
2015-11-17,Q2,Ca,5.252222222222223
2016-01-19,Q2,NO3-N,147.75
2016-01-19,Q2,NH4-N,7
2016-01-19,Q2,K,0.8266666666666667
2016-01-19,Q2,Mg,2.2583333333333333
2016-01-19,Q2,Ca,5.245
2016-03-22,Q2,NO3-N,112.83333333333333
2016-03-22,Q2,NH4-N,12.5
2016-03-22,Q2,K,0.9522222222222222
2016-03-22,Q2,Mg,2.7855555555555553
2016-03-22,Q2,Ca,6.7877777777777775
2016-05-24,Q2,NO3-N,135.75
2016-05-24,Q2,NH4-N,12.25
2016-05-24,Q2,K,0.9011111111111111
2016-05-24,Q2,Mg,2.8244444444444445
2016-05-24,Q2,Ca,6.948888888888889
2016-07-26,Q2,NO3-N,109.125
2016-07-26,Q2,NH4-N,6
2016-07-26,Q2,K,0.9655555555555556
2016-07-26,Q2,Mg,2.5644444444444443
2016-07-26,Q2,Ca,6.155555555555556
2016-09-27,Q2,NO3-N,149
2016-09-27,Q2,NH4-N,NA
2016-09-27,Q2,K,0.9588888888888889
2016-09-27,Q2,Mg,2.8633333333333333
2016-09-27,Q2,Ca,6.616666666666666
2016-11-29,Q2,NO3-N,138.77777777777777
2016-11-29,Q2,NH4-N,8
2016-11-29,Q2,K,0.9155555555555556
2016-11-29,Q2,Mg,2.5566666666666666
2016-11-29,Q2,Ca,6.168888888888889
2017-01-31,Q2,NO3-N,137.55555555555554
2017-01-31,Q2,NH4-N,14
2017-01-31,Q2,K,1.0344444444444445
2017-01-31,Q2,Mg,2.828888888888889
2017-01-31,Q2,Ca,6.2
2017-04-04,Q2,NO3-N,126.57142857142857
2017-04-04,Q2,NH4-N,12
2017-04-04,Q2,K,0.9877777777777778
2017-04-04,Q2,Mg,2.4877777777777776
2017-04-04,Q2,Ca,5.764444444444445
2017-06-06,Q2,NO3-N,114.33333333333333
2017-06-06,Q2,NH4-N,8
2017-06-06,Q2,K,0.9666666666666667
2017-06-06,Q2,Mg,2.7022222222222223
2017-06-06,Q2,Ca,6.2811111111111115
2017-08-08,Q2,NO3-N,142.25
2017-08-08,Q2,NH4-N,NA
2017-08-08,Q2,K,1.1025
2017-08-08,Q2,Mg,2.8575
2017-08-08,Q2,Ca,6.297499999999999
2017-10-10,Q2,NO3-N,269.5
2017-10-10,Q2,NH4-N,NA
2017-10-10,Q2,K,1.39
2017-10-10,Q2,Mg,2.7616666666666667
2017-10-10,Q2,Ca,5.16
2017-12-12,Q2,NO3-N,205.85714285714286
2017-12-12,Q2,NH4-N,7
2017-12-12,Q2,K,1.3
2017-12-12,Q2,Mg,2.84125
2017-12-12,Q2,Ca,6.175
2018-02-13,Q2,NO3-N,141.28571428571428
2018-02-13,Q2,NH4-N,NA
2018-02-13,Q2,K,1.1144444444444443
2018-02-13,Q2,Mg,2.7955555555555556
2018-02-13,Q2,Ca,6.148888888888889
2018-04-17,Q2,NO3-N,76.75
2018-04-17,Q2,NH4-N,9.666666666666666
2018-04-17,Q2,K,1.0922222222222222
2018-04-17,Q2,Mg,2.771111111111111
2018-04-17,Q2,Ca,6.192222222222222
2018-06-19,Q2,NO3-N,70.25
2018-06-19,Q2,NH4-N,11.8
2018-06-19,Q2,K,1.03375
2018-06-19,Q2,Mg,2.8875
2018-06-19,Q2,Ca,6.3675
2018-08-21,Q2,NO3-N,84.5
2018-08-21,Q2,NH4-N,7
2018-08-21,Q2,K,1.0433333333333334
2018-08-21,Q2,Mg,2.675
2018-08-21,Q2,Ca,5.925
2018-10-23,Q2,NO3-N,142.42857142857142
2018-10-23,Q2,NH4-N,7.5
2018-10-23,Q2,K,0.9871428571428571
2018-10-23,Q2,Mg,2.82
2018-10-23,Q2,Ca,6.247142857142857
2018-12-25,Q2,NO3-N,85.2
2018-12-25,Q2,NH4-N,10
2018-12-25,Q2,K,1.0571428571428572
2018-12-25,Q2,Mg,3.032857142857143
2018-12-25,Q2,Ca,6.6814285714285715
2019-02-26,Q2,NO3-N,164.14285714285714
2019-02-26,Q2,NH4-N,6.5
2019-02-26,Q2,K,1.1377777777777778
2019-02-26,Q2,Mg,3.046666666666667
2019-02-26,Q2,Ca,6.747777777777777
2019-04-30,Q2,NO3-N,109
2019-04-30,Q2,NH4-N,NA
2019-04-30,Q2,K,1.12
2019-04-30,Q2,Mg,2.832222222222222
2019-04-30,Q2,Ca,6.37
2019-07-02,Q2,NO3-N,104.28571428571429
2019-07-02,Q2,NH4-N,8
2019-07-02,Q2,K,1.1077777777777778
2019-07-02,Q2,Mg,2.6888888888888887
2019-07-02,Q2,Ca,5.8133333333333335
2019-09-03,Q2,NO3-N,193.5
2019-09-03,Q2,NH4-N,NA
2019-09-03,Q2,K,1.0222222222222221
2019-09-03,Q2,Mg,2.758888888888889
2019-09-03,Q2,Ca,5.46
2019-11-05,Q2,NO3-N,239.625
2019-11-05,Q2,NH4-N,7.6
2019-11-05,Q2,K,1.2155555555555555
2019-11-05,Q2,Mg,2.75
2019-11-05,Q2,Ca,5.626666666666667
2020-01-07,Q2,NO3-N,276.1111111111111
2020-01-07,Q2,NH4-N,9.666666666666666
2020-01-07,Q2,K,1.1144444444444443
2020-01-07,Q2,Mg,2.6944444444444446
2020-01-07,Q2,Ca,5.387777777777778
2020-03-10,Q2,NO3-N,251.5
2020-03-10,Q2,NH4-N,7
2020-03-10,Q2,K,1.22
2020-03-10,Q2,Mg,3.205
2020-03-10,Q2,Ca,7.965
2020-05-12,Q2,NO3-N,133
2020-05-12,Q2,NH4-N,29
2020-05-12,Q2,K,1.35
2020-05-12,Q2,Mg,1.85
2020-05-12,Q2,Ca,4.19
2020-07-14,Q2,NO3-N,144.14285714285714
2020-07-14,Q2,NH4-N,8.4
2020-07-14,Q2,K,1.1028571428571428
2020-07-14,Q2,Mg,2.6357142857142857
2020-07-14,Q2,Ca,5.627142857142857
2020-09-15,Q2,NO3-N,221
2020-09-15,Q2,NH4-N,8.5
2020-09-15,Q2,K,1.125
2020-09-15,Q2,Mg,2.91875
2020-09-15,Q2,Ca,5.40875
2020-11-17,Q2,NO3-N,256.14285714285717
2020-11-17,Q2,NH4-N,10
2020-11-17,Q2,K,1.0971428571428572
2020-11-17,Q2,Mg,3.0957142857142856
2020-11-17,Q2,Ca,6.815714285714286
1986-05-20,Q3,NO3-N,119.66666666666667
1986-05-20,Q3,NH4-N,NA
1986-05-20,Q3,K,0.7033333333333333
1986-05-20,Q3,Mg,3.4333333333333336
1986-05-20,Q3,Ca,3.9533333333333336
1986-07-22,Q3,NO3-N,NA
1986-07-22,Q3,NH4-N,NA
1986-07-22,Q3,K,NA
1986-07-22,Q3,Mg,NA
1986-07-22,Q3,Ca,NA
1986-09-23,Q3,NO3-N,161.5
1986-09-23,Q3,NH4-N,24.6
1986-09-23,Q3,K,0.566
1986-09-23,Q3,Mg,2.606
1986-09-23,Q3,Ca,3.606
1986-11-25,Q3,NO3-N,197.88888888888889
1986-11-25,Q3,NH4-N,17
1986-11-25,Q3,K,0.56
1986-11-25,Q3,Mg,2.738888888888889
1986-11-25,Q3,Ca,3.462222222222222
1987-01-27,Q3,NO3-N,193.77777777777777
1987-01-27,Q3,NH4-N,14.571428571428571
1987-01-27,Q3,K,0.6222222222222222
1987-01-27,Q3,Mg,3.0477777777777777
1987-01-27,Q3,Ca,3.7266666666666666
1987-03-31,Q3,NO3-N,182.11111111111111
1987-03-31,Q3,NH4-N,46
1987-03-31,Q3,K,0.6922222222222222
1987-03-31,Q3,Mg,2.4544444444444444
1987-03-31,Q3,Ca,3.428888888888889
1987-06-02,Q3,NO3-N,175.22222222222223
1987-06-02,Q3,NH4-N,80.88888888888889
1987-06-02,Q3,K,0.6666666666666666
1987-06-02,Q3,Mg,2.4044444444444446
1987-06-02,Q3,Ca,3.621111111111111
1987-08-04,Q3,NO3-N,240.375
1987-08-04,Q3,NH4-N,19.75
1987-08-04,Q3,K,0.7055555555555555
1987-08-04,Q3,Mg,2.948888888888889
1987-08-04,Q3,Ca,3.9033333333333333
1987-10-06,Q3,NO3-N,209.7
1987-10-06,Q3,NH4-N,11.714285714285714
1987-10-06,Q3,K,0.577
1987-10-06,Q3,Mg,2.106
1987-10-06,Q3,Ca,3.079
1987-12-08,Q3,NO3-N,162.5
1987-12-08,Q3,NH4-N,30.823529411764703
1987-12-08,Q3,K,0.7106666666666667
1987-12-08,Q3,Mg,2.306
1987-12-08,Q3,Ca,3.248
1988-02-09,Q3,NO3-N,194.77777777777777
1988-02-09,Q3,NH4-N,22.444444444444443
1988-02-09,Q3,K,0.5833333333333334
1988-02-09,Q3,Mg,2.7488888888888887
1988-02-09,Q3,Ca,3.462222222222222
1988-04-12,Q3,NO3-N,198.6
1988-04-12,Q3,NH4-N,46.2
1988-04-12,Q3,K,0.658
1988-04-12,Q3,Mg,2.3890000000000002
1988-04-12,Q3,Ca,2.8810000000000002
1988-06-14,Q3,NO3-N,NA
1988-06-14,Q3,NH4-N,28
1988-06-14,Q3,K,0.677
1988-06-14,Q3,Mg,2.584
1988-06-14,Q3,Ca,2.896
1988-08-16,Q3,NO3-N,140.85714285714286
1988-08-16,Q3,NH4-N,42.2
1988-08-16,Q3,K,0.5984615384615385
1988-08-16,Q3,Mg,2.1923076923076925
1988-08-16,Q3,Ca,2.786153846153846
1988-10-18,Q3,NO3-N,184
1988-10-18,Q3,NH4-N,57
1988-10-18,Q3,K,0.7075
1988-10-18,Q3,Mg,2.6574999999999998
1988-10-18,Q3,Ca,3.7885714285714287
1988-12-20,Q3,NO3-N,188.88888888888889
1988-12-20,Q3,NH4-N,NA
1988-12-20,Q3,K,0.7922222222222223
1988-12-20,Q3,Mg,2.761111111111111
1988-12-20,Q3,Ca,3.87
1989-02-21,Q3,NO3-N,158.22222222222223
1989-02-21,Q3,NH4-N,NA
1989-02-21,Q3,K,0.6988888888888889
1989-02-21,Q3,Mg,2.716666666666667
1989-02-21,Q3,Ca,3.668888888888889
1989-04-25,Q3,NO3-N,145.22222222222223
1989-04-25,Q3,NH4-N,NA
1989-04-25,Q3,K,0.7544444444444445
1989-04-25,Q3,Mg,2.9
1989-04-25,Q3,Ca,4.1755555555555555
1989-06-27,Q3,NO3-N,111.22222222222223
1989-06-27,Q3,NH4-N,NA
1989-06-27,Q3,K,0.8044444444444444
1989-06-27,Q3,Mg,2.626666666666667
1989-06-27,Q3,Ca,3.4266666666666667
1989-08-29,Q3,NO3-N,176.5
1989-08-29,Q3,NH4-N,NA
1989-08-29,Q3,K,1.031
1989-08-29,Q3,Mg,2.676
1989-08-29,Q3,Ca,3.638
1989-10-31,Q3,NO3-N,424.5
1989-10-31,Q3,NH4-N,NA
1989-10-31,Q3,K,1.489
1989-10-31,Q3,Mg,3.586
1989-10-31,Q3,Ca,4.354
1990-01-02,Q3,NO3-N,262.375
1990-01-02,Q3,NH4-N,NA
1990-01-02,Q3,K,1.4577777777777778
1990-01-02,Q3,Mg,3.61
1990-01-02,Q3,Ca,5.15
1990-03-06,Q3,NO3-N,380.25
1990-03-06,Q3,NH4-N,NA
1990-03-06,Q3,K,1.406153846153846
1990-03-06,Q3,Mg,2.644615384615385
1990-03-06,Q3,Ca,3.683076923076923
1990-05-08,Q3,NO3-N,308
1990-05-08,Q3,NH4-N,NA
1990-05-08,Q3,K,1.304
1990-05-08,Q3,Mg,3.278
1990-05-08,Q3,Ca,4.443
1990-07-10,Q3,NO3-N,187.375
1990-07-10,Q3,NH4-N,NA
1990-07-10,Q3,K,1.0666666666666667
1990-07-10,Q3,Mg,3.4144444444444444
1990-07-10,Q3,Ca,5.423333333333333
1990-09-11,Q3,NO3-N,114.55555555555556
1990-09-11,Q3,NH4-N,NA
1990-09-11,Q3,K,0.9577777777777777
1990-09-11,Q3,Mg,3.2544444444444447
1990-09-11,Q3,Ca,5.295555555555556
1990-11-13,Q3,NO3-N,197.5
1990-11-13,Q3,NH4-N,NA
1990-11-13,Q3,K,0.9927272727272728
1990-11-13,Q3,Mg,2.8363636363636364
1990-11-13,Q3,Ca,4.458181818181818
1991-01-15,Q3,NO3-N,154.28571428571428
1991-01-15,Q3,NH4-N,NA
1991-01-15,Q3,K,0.7888888888888889
1991-01-15,Q3,Mg,3.8155555555555556
1991-01-15,Q3,Ca,4.995555555555556
1991-03-19,Q3,NO3-N,82.125
1991-03-19,Q3,NH4-N,NA
1991-03-19,Q3,K,0.8233333333333334
1991-03-19,Q3,Mg,3.187777777777778
1991-03-19,Q3,Ca,4.322222222222222
1991-05-21,Q3,NO3-N,87.25
1991-05-21,Q3,NH4-N,NA
1991-05-21,Q3,K,0.929
1991-05-21,Q3,Mg,3.391
1991-05-21,Q3,Ca,4.38
1991-07-23,Q3,NO3-N,107.1
1991-07-23,Q3,NH4-N,NA
1991-07-23,Q3,K,0.98
1991-07-23,Q3,Mg,3.269
1991-07-23,Q3,Ca,4.54
1991-09-24,Q3,NO3-N,147.91666666666666
1991-09-24,Q3,NH4-N,NA
1991-09-24,Q3,K,0.8916666666666667
1991-09-24,Q3,Mg,3.0091666666666668
1991-09-24,Q3,Ca,4.235833333333333
1991-11-26,Q3,NO3-N,216.77777777777777
1991-11-26,Q3,NH4-N,NA
1991-11-26,Q3,K,0.9144444444444445
1991-11-26,Q3,Mg,3.0955555555555554
1991-11-26,Q3,Ca,4.552222222222222
1992-01-28,Q3,NO3-N,167.11111111111111
1992-01-28,Q3,NH4-N,NA
1992-01-28,Q3,K,1.159
1992-01-28,Q3,Mg,3.3930000000000002
1992-01-28,Q3,Ca,5.371
1992-03-31,Q3,NO3-N,80
1992-03-31,Q3,NH4-N,NA
1992-03-31,Q3,K,0.9644444444444444
1992-03-31,Q3,Mg,3.088888888888889
1992-03-31,Q3,Ca,5.408888888888889
1992-06-02,Q3,NO3-N,74.11111111111111
1992-06-02,Q3,NH4-N,NA
1992-06-02,Q3,K,0.9077777777777778
1992-06-02,Q3,Mg,2.8355555555555556
1992-06-02,Q3,Ca,4.177777777777778
1992-08-04,Q3,NO3-N,49.66666666666667
1992-08-04,Q3,NH4-N,NA
1992-08-04,Q3,K,1.1233333333333333
1992-08-04,Q3,Mg,2.918888888888889
1992-08-04,Q3,Ca,4.372222222222223
1992-10-06,Q3,NO3-N,51.111111111111114
1992-10-06,Q3,NH4-N,NA
1992-10-06,Q3,K,0.9655555555555556
1992-10-06,Q3,Mg,3.2311111111111113
1992-10-06,Q3,Ca,4.5488888888888885
1992-12-08,Q3,NO3-N,22
1992-12-08,Q3,NH4-N,NA
1992-12-08,Q3,K,0.9722222222222222
1992-12-08,Q3,Mg,3.358888888888889
1992-12-08,Q3,Ca,4.488888888888889
1993-02-09,Q3,NO3-N,129.5
1993-02-09,Q3,NH4-N,NA
1993-02-09,Q3,K,0.8233333333333334
1993-02-09,Q3,Mg,3.256666666666667
1993-02-09,Q3,Ca,4.522222222222222
1993-04-13,Q3,NO3-N,119.75
1993-04-13,Q3,NH4-N,NA
1993-04-13,Q3,K,0.8624999999999999
1993-04-13,Q3,Mg,3.265
1993-04-13,Q3,Ca,3.9675
1993-06-15,Q3,NO3-N,65.4
1993-06-15,Q3,NH4-N,NA
1993-06-15,Q3,K,0.8088888888888889
1993-06-15,Q3,Mg,2.891111111111111
1993-06-15,Q3,Ca,4.6066666666666665
1993-08-17,Q3,NO3-N,94.75
1993-08-17,Q3,NH4-N,NA
1993-08-17,Q3,K,0.8633333333333334
1993-08-17,Q3,Mg,3.39625
1993-08-17,Q3,Ca,4.736666666666666
1993-10-19,Q3,NO3-N,22.25
1993-10-19,Q3,NH4-N,NA
1993-10-19,Q3,K,0.8366666666666667
1993-10-19,Q3,Mg,3.013333333333333
1993-10-19,Q3,Ca,4.5344444444444445
1993-12-21,Q3,NO3-N,16
1993-12-21,Q3,NH4-N,NA
1993-12-21,Q3,K,0.8077777777777778
1993-12-21,Q3,Mg,2.6155555555555554
1993-12-21,Q3,Ca,4.054444444444444
1994-02-22,Q3,NO3-N,55.66666666666667
1994-02-22,Q3,NH4-N,NA
1994-02-22,Q3,K,0.9011111111111111
1994-02-22,Q3,Mg,3.312222222222222
1994-02-22,Q3,Ca,4.912222222222222
1994-04-26,Q3,NO3-N,17.11111111111111
1994-04-26,Q3,NH4-N,NA
1994-04-26,Q3,K,0.8555555555555555
1994-04-26,Q3,Mg,3.5833333333333335
1994-04-26,Q3,Ca,5.291111111111111
1994-06-28,Q3,NO3-N,97.75
1994-06-28,Q3,NH4-N,NA
1994-06-28,Q3,K,0.888
1994-06-28,Q3,Mg,3.54
1994-06-28,Q3,Ca,5
1994-08-30,Q3,NO3-N,NA
1994-08-30,Q3,NH4-N,NA
1994-08-30,Q3,K,0.8577777777777778
1994-08-30,Q3,Mg,3.3277777777777775
1994-08-30,Q3,Ca,4.845555555555555
1994-11-01,Q3,NO3-N,NA
1994-11-01,Q3,NH4-N,NA
1994-11-01,Q3,K,0.8477777777777777
1994-11-01,Q3,Mg,3.082222222222222
1994-11-01,Q3,Ca,4.412222222222222
1995-01-03,Q3,NO3-N,NA
1995-01-03,Q3,NH4-N,NA
1995-01-03,Q3,K,0.9033333333333333
1995-01-03,Q3,Mg,3.5677777777777777
1995-01-03,Q3,Ca,4.972222222222222
1995-03-07,Q3,NO3-N,NA
1995-03-07,Q3,NH4-N,NA
1995-03-07,Q3,K,0.7542857142857143
1995-03-07,Q3,Mg,3.3257142857142856
1995-03-07,Q3,Ca,4.804285714285714
1995-05-09,Q3,NO3-N,NA
1995-05-09,Q3,NH4-N,NA
1995-05-09,Q3,K,0.716
1995-05-09,Q3,Mg,3.104
1995-05-09,Q3,Ca,4.46
1995-07-11,Q3,NO3-N,NA
1995-07-11,Q3,NH4-N,NA
1995-07-11,Q3,K,0.76
1995-07-11,Q3,Mg,3.2
1995-07-11,Q3,Ca,4.8149999999999995
1995-09-12,Q3,NO3-N,NA
1995-09-12,Q3,NH4-N,NA
1995-09-12,Q3,K,NA
1995-09-12,Q3,Mg,NA
1995-09-12,Q3,Ca,NA
1995-11-14,Q3,NO3-N,NA
1995-11-14,Q3,NH4-N,NA
1995-11-14,Q3,K,0.908
1995-11-14,Q3,Mg,3.312
1995-11-14,Q3,Ca,4.896
1996-01-16,Q3,NO3-N,NA
1996-01-16,Q3,NH4-N,NA
1996-01-16,Q3,K,1.0255555555555556
1996-01-16,Q3,Mg,3.9388888888888887
1996-01-16,Q3,Ca,5.585555555555556
1996-03-19,Q3,NO3-N,NA
1996-03-19,Q3,NH4-N,NA
1996-03-19,Q3,K,0.8525
1996-03-19,Q3,Mg,3.3537500000000002
1996-03-19,Q3,Ca,4.78625
1996-05-21,Q3,NO3-N,NA
1996-05-21,Q3,NH4-N,NA
1996-05-21,Q3,K,0.9277777777777778
1996-05-21,Q3,Mg,3.4277777777777776
1996-05-21,Q3,Ca,4.763333333333334
1996-07-23,Q3,NO3-N,116
1996-07-23,Q3,NH4-N,NA
1996-07-23,Q3,K,0.9922222222222222
1996-07-23,Q3,Mg,3.47
1996-07-23,Q3,Ca,4.943333333333333
1996-09-24,Q3,NO3-N,230.33333333333334
1996-09-24,Q3,NH4-N,NA
1996-09-24,Q3,K,0.9822222222222222
1996-09-24,Q3,Mg,2.9744444444444444
1996-09-24,Q3,Ca,4.321111111111111
1996-11-26,Q3,NO3-N,209.85714285714286
1996-11-26,Q3,NH4-N,NA
1996-11-26,Q3,K,0.9257142857142857
1996-11-26,Q3,Mg,3.255714285714286
1996-11-26,Q3,Ca,5.094285714285714
1997-01-28,Q3,NO3-N,222.125
1997-01-28,Q3,NH4-N,NA
1997-01-28,Q3,K,0.80375
1997-01-28,Q3,Mg,3.198888888888889
1997-01-28,Q3,Ca,4.756666666666667
1997-04-01,Q3,NO3-N,189.28571428571428
1997-04-01,Q3,NH4-N,NA
1997-04-01,Q3,K,1.0355555555555556
1997-04-01,Q3,Mg,3.267777777777778
1997-04-01,Q3,Ca,5.162222222222222
1997-06-03,Q3,NO3-N,161.66666666666666
1997-06-03,Q3,NH4-N,NA
1997-06-03,Q3,K,0.71
1997-06-03,Q3,Mg,2.6222222222222222
1997-06-03,Q3,Ca,4.065555555555555
1997-08-05,Q3,NO3-N,149
1997-08-05,Q3,NH4-N,NA
1997-08-05,Q3,K,1.0611111111111111
1997-08-05,Q3,Mg,3.158888888888889
1997-08-05,Q3,Ca,4.761111111111111
1997-10-07,Q3,NO3-N,94.85714285714286
1997-10-07,Q3,NH4-N,9
1997-10-07,Q3,K,0.8775
1997-10-07,Q3,Mg,1.9566666666666666
1997-10-07,Q3,Ca,2.84875
1997-12-09,Q3,NO3-N,137.16666666666666
1997-12-09,Q3,NH4-N,25
1997-12-09,Q3,K,0.5700000000000001
1997-12-09,Q3,Mg,1.97
1997-12-09,Q3,Ca,3.341666666666667
1998-02-10,Q3,NO3-N,105.33333333333333
1998-02-10,Q3,NH4-N,6.5
1998-02-10,Q3,K,0.92125
1998-02-10,Q3,Mg,2.9055555555555554
1998-02-10,Q3,Ca,4.174444444444444
1998-04-14,Q3,NO3-N,68.5
1998-04-14,Q3,NH4-N,14.666666666666668
1998-04-14,Q3,K,0.8722222222222222
1998-04-14,Q3,Mg,2.1555555555555554
1998-04-14,Q3,Ca,3.2744444444444447
1998-06-16,Q3,NO3-N,117.33333333333333
1998-06-16,Q3,NH4-N,19.75
1998-06-16,Q3,K,0.8628571428571429
1998-06-16,Q3,Mg,2.557142857142857
1998-06-16,Q3,Ca,3.8342857142857145
1998-08-18,Q3,NO3-N,160.08333333333331
1998-08-18,Q3,NH4-N,7
1998-08-18,Q3,K,0.8415384615384616
1998-08-18,Q3,Mg,2.2984615384615386
1998-08-18,Q3,Ca,3.861666666666667
1998-10-20,Q3,NO3-N,465
1998-10-20,Q3,NH4-N,6.666666666666667
1998-10-20,Q3,K,1.2477777777777777
1998-10-20,Q3,Mg,2.658888888888889
1998-10-20,Q3,Ca,4.277777777777778
1998-12-22,Q3,NO3-N,389.55555555555554
1998-12-22,Q3,NH4-N,18.25
1998-12-22,Q3,K,1.0622222222222222
1998-12-22,Q3,Mg,2.8877777777777776
1998-12-22,Q3,Ca,4.298888888888889
1999-02-23,Q3,NO3-N,237.77777777777777
1999-02-23,Q3,NH4-N,7.5
1999-02-23,Q3,K,0.9244444444444444
1999-02-23,Q3,Mg,3.367777777777778
1999-02-23,Q3,Ca,5.156666666666666
1999-04-27,Q3,NO3-N,155
1999-04-27,Q3,NH4-N,NA
1999-04-27,Q3,K,0.9744444444444444
1999-04-27,Q3,Mg,3.2688888888888887
1999-04-27,Q3,Ca,5.011111111111111
1999-06-29,Q3,NO3-N,158.88888888888889
1999-06-29,Q3,NH4-N,7.4
1999-06-29,Q3,K,0.8866666666666667
1999-06-29,Q3,Mg,2.736666666666667
1999-06-29,Q3,Ca,3.7422222222222223
1999-08-31,Q3,NO3-N,169.88888888888889
1999-08-31,Q3,NH4-N,7.5
1999-08-31,Q3,K,0.7633333333333333
1999-08-31,Q3,Mg,2.66
1999-08-31,Q3,Ca,3.9755555555555553
1999-11-02,Q3,NO3-N,228.88888888888889
1999-11-02,Q3,NH4-N,5
1999-11-02,Q3,K,0.7933333333333333
1999-11-02,Q3,Mg,2.9255555555555555
1999-11-02,Q3,Ca,4.06
2000-01-04,Q3,NO3-N,182
2000-01-04,Q3,NH4-N,9
2000-01-04,Q3,K,0.8633333333333333
2000-01-04,Q3,Mg,3.1444444444444444
2000-01-04,Q3,Ca,4.415555555555556
2000-03-07,Q3,NO3-N,127.625
2000-03-07,Q3,NH4-N,NA
2000-03-07,Q3,K,0.7233333333333334
2000-03-07,Q3,Mg,3.522222222222222
2000-03-07,Q3,Ca,5.26
2000-05-09,Q3,NO3-N,106.55555555555556
2000-05-09,Q3,NH4-N,7
2000-05-09,Q3,K,0.6711111111111111
2000-05-09,Q3,Mg,3.0433333333333334
2000-05-09,Q3,Ca,4.467777777777778
2000-07-11,Q3,NO3-N,102.88888888888889
2000-07-11,Q3,NH4-N,23
2000-07-11,Q3,K,0.68
2000-07-11,Q3,Mg,3.121111111111111
2000-07-11,Q3,Ca,4.8566666666666665
2000-09-12,Q3,NO3-N,132.22222222222223
2000-09-12,Q3,NH4-N,10
2000-09-12,Q3,K,0.7177777777777777
2000-09-12,Q3,Mg,2.6844444444444444
2000-09-12,Q3,Ca,3.9955555555555557
2000-11-14,Q3,NO3-N,167.5
2000-11-14,Q3,NH4-N,NA
2000-11-14,Q3,K,0.7144444444444444
2000-11-14,Q3,Mg,3.062222222222222
2000-11-14,Q3,Ca,4.666666666666667
2001-01-16,Q3,NO3-N,129.88888888888889
2001-01-16,Q3,NH4-N,10
2001-01-16,Q3,K,0.7111111111111111
2001-01-16,Q3,Mg,3.2888888888888888
2001-01-16,Q3,Ca,4.881111111111111
2001-03-20,Q3,NO3-N,84.88888888888889
2001-03-20,Q3,NH4-N,6
2001-03-20,Q3,K,0.7244444444444444
2001-03-20,Q3,Mg,2.971111111111111
2001-03-20,Q3,Ca,4.566666666666666
2001-05-22,Q3,NO3-N,100.11111111111111
2001-05-22,Q3,NH4-N,37.5
2001-05-22,Q3,K,0.77
2001-05-22,Q3,Mg,3.2422222222222223
2001-05-22,Q3,Ca,4.942222222222222
2001-07-24,Q3,NO3-N,86
2001-07-24,Q3,NH4-N,NA
2001-07-24,Q3,K,0.74625
2001-07-24,Q3,Mg,3.1575
2001-07-24,Q3,Ca,4.89125
2001-09-25,Q3,NO3-N,132.77777777777777
2001-09-25,Q3,NH4-N,15
2001-09-25,Q3,K,0.7822222222222223
2001-09-25,Q3,Mg,2.971111111111111
2001-09-25,Q3,Ca,4.648888888888889
2001-11-27,Q3,NO3-N,160
2001-11-27,Q3,NH4-N,8
2001-11-27,Q3,K,0.6911111111111111
2001-11-27,Q3,Mg,2.7333333333333334
2001-11-27,Q3,Ca,4.067777777777778
2002-01-29,Q3,NO3-N,154.33333333333334
2002-01-29,Q3,NH4-N,6
2002-01-29,Q3,K,0.7533333333333333
2002-01-29,Q3,Mg,3.1744444444444446
2002-01-29,Q3,Ca,5.0377777777777775
2002-04-02,Q3,NO3-N,96.25
2002-04-02,Q3,NH4-N,6
2002-04-02,Q3,K,0.7466666666666667
2002-04-02,Q3,Mg,2.6444444444444444
2002-04-02,Q3,Ca,3.951111111111111
2002-06-04,Q3,NO3-N,110.11111111111111
2002-06-04,Q3,NH4-N,7.166666666666667
2002-06-04,Q3,K,0.6844444444444444
2002-06-04,Q3,Mg,3.1777777777777776
2002-06-04,Q3,Ca,4.692222222222222
2002-08-06,Q3,NO3-N,113.88888888888889
2002-08-06,Q3,NH4-N,7.5
2002-08-06,Q3,K,0.64
2002-08-06,Q3,Mg,3.147777777777778
2002-08-06,Q3,Ca,4.6722222222222225
2002-10-08,Q3,NO3-N,108.44444444444444
2002-10-08,Q3,NH4-N,5.75
2002-10-08,Q3,K,0.6233333333333333
2002-10-08,Q3,Mg,2.89
2002-10-08,Q3,Ca,4.424444444444444
2002-12-10,Q3,NO3-N,130.66666666666666
2002-12-10,Q3,NH4-N,15
2002-12-10,Q3,K,0.7366666666666667
2002-12-10,Q3,Mg,2.74
2002-12-10,Q3,Ca,4.552222222222222
2003-02-11,Q3,NO3-N,97.88888888888889
2003-02-11,Q3,NH4-N,6
2003-02-11,Q3,K,0.6544444444444445
2003-02-11,Q3,Mg,3.418888888888889
2003-02-11,Q3,Ca,5.405555555555556
2003-04-15,Q3,NO3-N,114.22222222222223
2003-04-15,Q3,NH4-N,7.2
2003-04-15,Q3,K,0.7055555555555556
2003-04-15,Q3,Mg,2.5155555555555558
2003-04-15,Q3,Ca,3.721111111111111
2003-06-17,Q3,NO3-N,124.44444444444444
2003-06-17,Q3,NH4-N,6.75
2003-06-17,Q3,K,0.7644444444444445
2003-06-17,Q3,Mg,3.0255555555555556
2003-06-17,Q3,Ca,4.363333333333333
2003-08-19,Q3,NO3-N,123.77777777777777
2003-08-19,Q3,NH4-N,9.571428571428571
2003-08-19,Q3,K,0.6711111111111111
2003-08-19,Q3,Mg,2.4033333333333333
2003-08-19,Q3,Ca,3.85
2003-10-21,Q3,NO3-N,140.22222222222223
2003-10-21,Q3,NH4-N,9
2003-10-21,Q3,K,0.7444444444444445
2003-10-21,Q3,Mg,2.5344444444444445
2003-10-21,Q3,Ca,4.033333333333333
2003-12-23,Q3,NO3-N,129.375
2003-12-23,Q3,NH4-N,7.666666666666667
2003-12-23,Q3,K,0.7455555555555555
2003-12-23,Q3,Mg,2.8166666666666664
2003-12-23,Q3,Ca,4.201111111111111
2004-02-24,Q3,NO3-N,102.88888888888889
2004-02-24,Q3,NH4-N,7.5
2004-02-24,Q3,K,0.7511111111111111
2004-02-24,Q3,Mg,2.712222222222222
2004-02-24,Q3,Ca,4.434444444444445
2004-04-27,Q3,NO3-N,104.22222222222223
2004-04-27,Q3,NH4-N,7.333333333333333
2004-04-27,Q3,K,0.8877777777777778
2004-04-27,Q3,Mg,2.6055555555555556
2004-04-27,Q3,Ca,4.045555555555556
2004-06-29,Q3,NO3-N,117.42857142857143
2004-06-29,Q3,NH4-N,16
2004-06-29,Q3,K,0.9566666666666667
2004-06-29,Q3,Mg,3.5033333333333334
2004-06-29,Q3,Ca,5.213333333333333
2004-08-31,Q3,NO3-N,118.57142857142857
2004-08-31,Q3,NH4-N,16
2004-08-31,Q3,K,0.7744444444444445
2004-08-31,Q3,Mg,2.741111111111111
2004-08-31,Q3,Ca,4.907777777777778
2004-11-02,Q3,NO3-N,109.375
2004-11-02,Q3,NH4-N,23
2004-11-02,Q3,K,0.8544444444444445
2004-11-02,Q3,Mg,2.6233333333333335
2004-11-02,Q3,Ca,4.602222222222222
2005-01-04,Q3,NO3-N,121.11111111111111
2005-01-04,Q3,NH4-N,NA
2005-01-04,Q3,K,0.6077777777777778
2005-01-04,Q3,Mg,2.991111111111111
2005-01-04,Q3,Ca,4.702222222222222
2005-03-08,Q3,NO3-N,87.77777777777777
2005-03-08,Q3,NH4-N,11.666666666666666
2005-03-08,Q3,K,0.6322222222222222
2005-03-08,Q3,Mg,3.1755555555555555
2005-03-08,Q3,Ca,4.99
2005-05-10,Q3,NO3-N,86.625
2005-05-10,Q3,NH4-N,10.333333333333334
2005-05-10,Q3,K,0.7988888888888889
2005-05-10,Q3,Mg,2.7733333333333334
2005-05-10,Q3,Ca,4.325555555555556
2005-07-12,Q3,NO3-N,88.375
2005-07-12,Q3,NH4-N,8
2005-07-12,Q3,K,0.6044444444444445
2005-07-12,Q3,Mg,2.8822222222222225
2005-07-12,Q3,Ca,4.573333333333333
2005-09-13,Q3,NO3-N,106
2005-09-13,Q3,NH4-N,14
2005-09-13,Q3,K,0.63
2005-09-13,Q3,Mg,2.5211111111111113
2005-09-13,Q3,Ca,4.078888888888889
2005-11-15,Q3,NO3-N,116.875
2005-11-15,Q3,NH4-N,7
2005-11-15,Q3,K,0.595
2005-11-15,Q3,Mg,2.5355555555555553
2005-11-15,Q3,Ca,4.40625
2006-01-17,Q3,NO3-N,118.77777777777777
2006-01-17,Q3,NH4-N,NA
2006-01-17,Q3,K,0.6666666666666666
2006-01-17,Q3,Mg,2.867777777777778
2006-01-17,Q3,Ca,4.7988888888888885
2006-03-21,Q3,NO3-N,69
2006-03-21,Q3,NH4-N,NA
2006-03-21,Q3,K,0.6722222222222223
2006-03-21,Q3,Mg,3.0233333333333334
2006-03-21,Q3,Ca,4.851111111111111
2006-05-23,Q3,NO3-N,114.77777777777777
2006-05-23,Q3,NH4-N,6
2006-05-23,Q3,K,0.8099999999999999
2006-05-23,Q3,Mg,2.8755555555555556
2006-05-23,Q3,Ca,4.805555555555555
2006-07-25,Q3,NO3-N,117.125
2006-07-25,Q3,NH4-N,7
2006-07-25,Q3,K,0.711111111111111
2006-07-25,Q3,Mg,3.106666666666667
2006-07-25,Q3,Ca,5.32
2006-09-26,Q3,NO3-N,90.5
2006-09-26,Q3,NH4-N,8.25
2006-09-26,Q3,K,0.6811111111111111
2006-09-26,Q3,Mg,2.68
2006-09-26,Q3,Ca,4.45
2006-11-28,Q3,NO3-N,104.55555555555556
2006-11-28,Q3,NH4-N,5
2006-11-28,Q3,K,0.7233333333333333
2006-11-28,Q3,Mg,3.0544444444444445
2006-11-28,Q3,Ca,5.042222222222223
2007-01-30,Q3,NO3-N,77
2007-01-30,Q3,NH4-N,6.333333333333333
2007-01-30,Q3,K,0.71
2007-01-30,Q3,Mg,3.5444444444444443
2007-01-30,Q3,Ca,5.1866666666666665
2007-04-03,Q3,NO3-N,63.857142857142854
2007-04-03,Q3,NH4-N,15.333333333333332
2007-04-03,Q3,K,0.6788888888888889
2007-04-03,Q3,Mg,2.9277777777777776
2007-04-03,Q3,Ca,4.4399999999999995
2007-06-05,Q3,NO3-N,75.22222222222223
2007-06-05,Q3,NH4-N,6
2007-06-05,Q3,K,0.7077777777777777
2007-06-05,Q3,Mg,3.3066666666666666
2007-06-05,Q3,Ca,4.984444444444445
2007-08-07,Q3,NO3-N,84.22222222222223
2007-08-07,Q3,NH4-N,13.2
2007-08-07,Q3,K,0.6933333333333334
2007-08-07,Q3,Mg,3.152222222222222
2007-08-07,Q3,Ca,5.1322222222222225
2007-10-09,Q3,NO3-N,128.88888888888889
2007-10-09,Q3,NH4-N,11
2007-10-09,Q3,K,0.5977777777777777
2007-10-09,Q3,Mg,2.882222222222222
2007-10-09,Q3,Ca,4.481111111111111
2007-12-11,Q3,NO3-N,103.14285714285714
2007-12-11,Q3,NH4-N,10.666666666666666
2007-12-11,Q3,K,0.6928571428571428
2007-12-11,Q3,Mg,3.4614285714285713
2007-12-11,Q3,Ca,5.5285714285714285
2008-02-12,Q3,NO3-N,70.44444444444444
2008-02-12,Q3,NH4-N,9.2
2008-02-12,Q3,K,0.68
2008-02-12,Q3,Mg,3.5411111111111113
2008-02-12,Q3,Ca,5.33
2008-04-15,Q3,NO3-N,54.111111111111114
2008-04-15,Q3,NH4-N,14
2008-04-15,Q3,K,0.7011111111111111
2008-04-15,Q3,Mg,3.243333333333333
2008-04-15,Q3,Ca,5.332222222222222
2008-06-17,Q3,NO3-N,82.75
2008-06-17,Q3,NH4-N,6
2008-06-17,Q3,K,0.71125
2008-06-17,Q3,Mg,3.7975
2008-06-17,Q3,Ca,5.54875
2008-08-19,Q3,NO3-N,77.66666666666667
2008-08-19,Q3,NH4-N,12.5
2008-08-19,Q3,K,0.7455555555555556
2008-08-19,Q3,Mg,3.051111111111111
2008-08-19,Q3,Ca,4.11
2008-10-21,Q3,NO3-N,99.55555555555556
2008-10-21,Q3,NH4-N,15
2008-10-21,Q3,K,0.57
2008-10-21,Q3,Mg,3.5633333333333335
2008-10-21,Q3,Ca,4.641111111111111
2008-12-23,Q3,NO3-N,82.5
2008-12-23,Q3,NH4-N,13
2008-12-23,Q3,K,0.6344444444444445
2008-12-23,Q3,Mg,3.4522222222222223
2008-12-23,Q3,Ca,5.401111111111111
2009-02-24,Q3,NO3-N,55.125
2009-02-24,Q3,NH4-N,NA
2009-02-24,Q3,K,0.6855555555555556
2009-02-24,Q3,Mg,3.818888888888889
2009-02-24,Q3,Ca,6.147777777777778
2009-04-28,Q3,NO3-N,68.55555555555556
2009-04-28,Q3,NH4-N,NA
2009-04-28,Q3,K,0.77
2009-04-28,Q3,Mg,3.048888888888889
2009-04-28,Q3,Ca,4.647777777777778
2009-06-30,Q3,NO3-N,84.22222222222223
2009-06-30,Q3,NH4-N,13.5
2009-06-30,Q3,K,0.7244444444444444
2009-06-30,Q3,Mg,3.1044444444444443
2009-06-30,Q3,Ca,4.467777777777778
2009-09-01,Q3,NO3-N,84.22222222222223
2009-09-01,Q3,NH4-N,22.5
2009-09-01,Q3,K,0.7277777777777777
2009-09-01,Q3,Mg,3.0122222222222224
2009-09-01,Q3,Ca,5.102222222222222
2009-11-03,Q3,NO3-N,82.77777777777777
2009-11-03,Q3,NH4-N,18
2009-11-03,Q3,K,0.7266666666666667
2009-11-03,Q3,Mg,2.9844444444444442
2009-11-03,Q3,Ca,5.038888888888889
2010-01-05,Q3,NO3-N,82
2010-01-05,Q3,NH4-N,29
2010-01-05,Q3,K,0.65
2010-01-05,Q3,Mg,2.918888888888889
2010-01-05,Q3,Ca,5.017777777777778
2010-03-09,Q3,NO3-N,79.77777777777777
2010-03-09,Q3,NH4-N,13
2010-03-09,Q3,K,0.6577777777777778
2010-03-09,Q3,Mg,2.78
2010-03-09,Q3,Ca,4.912222222222222
2010-05-11,Q3,NO3-N,67.66666666666667
2010-05-11,Q3,NH4-N,16
2010-05-11,Q3,K,0.6244444444444445
2010-05-11,Q3,Mg,2.6666666666666665
2010-05-11,Q3,Ca,4.122222222222222
2010-07-13,Q3,NO3-N,113.875
2010-07-13,Q3,NH4-N,14
2010-07-13,Q3,K,0.69125
2010-07-13,Q3,Mg,2.79625
2010-07-13,Q3,Ca,4.87125
2010-09-14,Q3,NO3-N,141.44444444444446
2010-09-14,Q3,NH4-N,NA
2010-09-14,Q3,K,0.9188888888888889
2010-09-14,Q3,Mg,2.8422222222222224
2010-09-14,Q3,Ca,4.6466666666666665
2010-11-16,Q3,NO3-N,84
2010-11-16,Q3,NH4-N,18.5
2010-11-16,Q3,K,0.6922222222222222
2010-11-16,Q3,Mg,3.06
2010-11-16,Q3,Ca,4.747777777777777
2011-01-18,Q3,NO3-N,66.5
2011-01-18,Q3,NH4-N,13
2011-01-18,Q3,K,0.6122222222222222
2011-01-18,Q3,Mg,3.2866666666666666
2011-01-18,Q3,Ca,5.538888888888889
2011-03-22,Q3,NO3-N,48.666666666666664
2011-03-22,Q3,NH4-N,11
2011-03-22,Q3,K,0.5922222222222222
2011-03-22,Q3,Mg,2.9844444444444442
2011-03-22,Q3,Ca,4.995555555555556
2011-05-24,Q3,NO3-N,58.55555555555556
2011-05-24,Q3,NH4-N,NA
2011-05-24,Q3,K,0.6233333333333333
2011-05-24,Q3,Mg,2.6155555555555554
2011-05-24,Q3,Ca,4.961111111111111
2011-07-26,Q3,NO3-N,62
2011-07-26,Q3,NH4-N,5
2011-07-26,Q3,K,0.63625
2011-07-26,Q3,Mg,2.35375
2011-07-26,Q3,Ca,4.18375
2011-09-27,Q3,NO3-N,104.85714285714286
2011-09-27,Q3,NH4-N,7.333333333333333
2011-09-27,Q3,K,0.6511111111111111
2011-09-27,Q3,Mg,2.9344444444444444
2011-09-27,Q3,Ca,5.392222222222222
2011-11-29,Q3,NO3-N,119.55555555555556
2011-11-29,Q3,NH4-N,8
2011-11-29,Q3,K,0.6788888888888889
2011-11-29,Q3,Mg,2.8577777777777778
2011-11-29,Q3,Ca,5.613333333333333
2012-01-31,Q3,NO3-N,54.666666666666664
2012-01-31,Q3,NH4-N,39.5
2012-01-31,Q3,K,0.6122222222222222
2012-01-31,Q3,Mg,3.1666666666666665
2012-01-31,Q3,Ca,5.683333333333334
2012-04-03,Q3,NO3-N,30
2012-04-03,Q3,NH4-N,6.333333333333333
2012-04-03,Q3,K,0.6377777777777778
2012-04-03,Q3,Mg,2.8022222222222224
2012-04-03,Q3,Ca,5.013333333333334
2012-06-05,Q3,NO3-N,55.625
2012-06-05,Q3,NH4-N,16
2012-06-05,Q3,K,0.585
2012-06-05,Q3,Mg,2.97
2012-06-05,Q3,Ca,4.87625
2012-08-07,Q3,NO3-N,74.5
2012-08-07,Q3,NH4-N,NA
2012-08-07,Q3,K,0.6033333333333333
2012-08-07,Q3,Mg,2.9988888888888887
2012-08-07,Q3,Ca,5.0777777777777775
2012-10-09,Q3,NO3-N,34
2012-10-09,Q3,NH4-N,5
2012-10-09,Q3,K,0.5833333333333334
2012-10-09,Q3,Mg,2.5844444444444443
2012-10-09,Q3,Ca,4.145555555555555
2012-12-11,Q3,NO3-N,87.8
2012-12-11,Q3,NH4-N,26
2012-12-11,Q3,K,0.6622222222222223
2012-12-11,Q3,Mg,3.0255555555555556
2012-12-11,Q3,Ca,4.988888888888889
2013-02-12,Q3,NO3-N,64.28571428571429
2013-02-12,Q3,NH4-N,NA
2013-02-12,Q3,K,0.6377777777777778
2013-02-12,Q3,Mg,2.9855555555555555
2013-02-12,Q3,Ca,4.042222222222223
2013-04-16,Q3,NO3-N,37
2013-04-16,Q3,NH4-N,NA
2013-04-16,Q3,K,0.5955555555555556
2013-04-16,Q3,Mg,2.827777777777778
2013-04-16,Q3,Ca,4.271111111111111
2013-06-18,Q3,NO3-N,34.5
2013-06-18,Q3,NH4-N,7
2013-06-18,Q3,K,0.4775
2013-06-18,Q3,Mg,2.6725
2013-06-18,Q3,Ca,4.7575
2013-08-20,Q3,NO3-N,107.66666666666667
2013-08-20,Q3,NH4-N,8
2013-08-20,Q3,K,0.45571428571428574
2013-08-20,Q3,Mg,2.7985714285714285
2013-08-20,Q3,Ca,5.022857142857143
2013-10-22,Q3,NO3-N,86.875
2013-10-22,Q3,NH4-N,11
2013-10-22,Q3,K,0.611111111111111
2013-10-22,Q3,Mg,2.59
2013-10-22,Q3,Ca,4.042222222222222
2013-12-24,Q3,NO3-N,104.71428571428571
2013-12-24,Q3,NH4-N,11.5
2013-12-24,Q3,K,0.6955555555555556
2013-12-24,Q3,Mg,2.96
2013-12-24,Q3,Ca,4.532222222222222
2014-02-25,Q3,NO3-N,80.2
2014-02-25,Q3,NH4-N,6
2014-02-25,Q3,K,0.705
2014-02-25,Q3,Mg,3.68375
2014-02-25,Q3,Ca,5.4087499999999995
2014-04-29,Q3,NO3-N,45.166666666666664
2014-04-29,Q3,NH4-N,6
2014-04-29,Q3,K,0.6933333333333334
2014-04-29,Q3,Mg,3.2844444444444445
2014-04-29,Q3,Ca,4.8244444444444445
2014-07-01,Q3,NO3-N,100.33333333333333
2014-07-01,Q3,NH4-N,7.6
2014-07-01,Q3,K,0.8111111111111111
2014-07-01,Q3,Mg,3.526666666666667
2014-07-01,Q3,Ca,5.551111111111111
2014-09-02,Q3,NO3-N,88.875
2014-09-02,Q3,NH4-N,7
2014-09-02,Q3,K,0.6455555555555555
2014-09-02,Q3,Mg,3.3022222222222224
2014-09-02,Q3,Ca,4.688888888888889
2014-11-04,Q3,NO3-N,63.375
2014-11-04,Q3,NH4-N,28
2014-11-04,Q3,K,0.6366666666666667
2014-11-04,Q3,Mg,2.79
2014-11-04,Q3,Ca,4.144444444444445
2015-01-06,Q3,NO3-N,111
2015-01-06,Q3,NH4-N,NA
2015-01-06,Q3,K,0.635
2015-01-06,Q3,Mg,3.25
2015-01-06,Q3,Ca,5.165
2015-03-10,Q3,NO3-N,78.2
2015-03-10,Q3,NH4-N,6
2015-03-10,Q3,K,0.7688888888888888
2015-03-10,Q3,Mg,3.6666666666666665
2015-03-10,Q3,Ca,5.377777777777778
2015-05-12,Q3,NO3-N,86
2015-05-12,Q3,NH4-N,5
2015-05-12,Q3,K,0.7333333333333333
2015-05-12,Q3,Mg,3.9644444444444447
2015-05-12,Q3,Ca,6.355555555555555
2015-07-14,Q3,NO3-N,119.85714285714286
2015-07-14,Q3,NH4-N,25
2015-07-14,Q3,K,0.7344444444444445
2015-07-14,Q3,Mg,3.6166666666666667
2015-07-14,Q3,Ca,5.545555555555556
2015-09-15,Q3,NO3-N,68.16666666666667
2015-09-15,Q3,NH4-N,7.6
2015-09-15,Q3,K,0.6744444444444444
2015-09-15,Q3,Mg,3.3633333333333333
2015-09-15,Q3,Ca,5.156666666666666
2015-11-17,Q3,NO3-N,109
2015-11-17,Q3,NH4-N,7.666666666666667
2015-11-17,Q3,K,0.7055555555555556
2015-11-17,Q3,Mg,3.3266666666666667
2015-11-17,Q3,Ca,5.345555555555555
2016-01-19,Q3,NO3-N,107.14285714285714
2016-01-19,Q3,NH4-N,6
2016-01-19,Q3,K,0.7633333333333333
2016-01-19,Q3,Mg,3.381111111111111
2016-01-19,Q3,Ca,5.566666666666666
2016-03-22,Q3,NO3-N,73.66666666666667
2016-03-22,Q3,NH4-N,11.5
2016-03-22,Q3,K,0.7322222222222222
2016-03-22,Q3,Mg,3.328888888888889
2016-03-22,Q3,Ca,5.604444444444445
2016-05-24,Q3,NO3-N,81
2016-05-24,Q3,NH4-N,7.5
2016-05-24,Q3,K,0.69
2016-05-24,Q3,Mg,3.098888888888889
2016-05-24,Q3,Ca,5.075555555555556
2016-07-26,Q3,NO3-N,99.11111111111111
2016-07-26,Q3,NH4-N,5
2016-07-26,Q3,K,0.7222222222222222
2016-07-26,Q3,Mg,2.83
2016-07-26,Q3,Ca,4.904444444444445
2016-09-27,Q3,NO3-N,117.44444444444444
2016-09-27,Q3,NH4-N,NA
2016-09-27,Q3,K,0.7022222222222222
2016-09-27,Q3,Mg,3.022222222222222
2016-09-27,Q3,Ca,4.953333333333333
2016-11-29,Q3,NO3-N,128.22222222222223
2016-11-29,Q3,NH4-N,NA
2016-11-29,Q3,K,0.7166666666666667
2016-11-29,Q3,Mg,2.7455555555555553
2016-11-29,Q3,Ca,4.576666666666666
2017-01-31,Q3,NO3-N,131.33333333333334
2017-01-31,Q3,NH4-N,NA
2017-01-31,Q3,K,0.7455555555555555
2017-01-31,Q3,Mg,3.2544444444444443
2017-01-31,Q3,Ca,4.886666666666667
2017-04-04,Q3,NO3-N,68.6
2017-04-04,Q3,NH4-N,8
2017-04-04,Q3,K,0.7266666666666667
2017-04-04,Q3,Mg,2.667777777777778
2017-04-04,Q3,Ca,4.097777777777778
2017-06-06,Q3,NO3-N,81.5
2017-06-06,Q3,NH4-N,9
2017-06-06,Q3,K,0.6144444444444445
2017-06-06,Q3,Mg,2.7622222222222224
2017-06-06,Q3,Ca,4.5
2017-08-08,Q3,NO3-N,113.25
2017-08-08,Q3,NH4-N,NA
2017-08-08,Q3,K,0.73
2017-08-08,Q3,Mg,2.945
2017-08-08,Q3,Ca,4.6175
2017-10-10,Q3,NO3-N,447.6
2017-10-10,Q3,NH4-N,6
2017-10-10,Q3,K,1.45
2017-10-10,Q3,Mg,2.992
2017-10-10,Q3,Ca,4.554
2017-12-12,Q3,NO3-N,397.4
2017-12-12,Q3,NH4-N,6
2017-12-12,Q3,K,1.2744444444444445
2017-12-12,Q3,Mg,3.057777777777778
2017-12-12,Q3,Ca,4.857777777777778
2018-02-13,Q3,NO3-N,270.6666666666667
2018-02-13,Q3,NH4-N,8
2018-02-13,Q3,K,1.1122222222222222
2018-02-13,Q3,Mg,3.0533333333333332
2018-02-13,Q3,Ca,5.157777777777778
2018-04-17,Q3,NO3-N,180
2018-04-17,Q3,NH4-N,8.333333333333334
2018-04-17,Q3,K,1.1011111111111112
2018-04-17,Q3,Mg,3
2018-04-17,Q3,Ca,4.814444444444445
2018-06-19,Q3,NO3-N,183
2018-06-19,Q3,NH4-N,7
2018-06-19,Q3,K,1.0033333333333334
2018-06-19,Q3,Mg,3.1666666666666665
2018-06-19,Q3,Ca,5.198888888888889
2018-08-21,Q3,NO3-N,161.6
2018-08-21,Q3,NH4-N,NA
2018-08-21,Q3,K,0.9916666666666667
2018-08-21,Q3,Mg,3.0566666666666666
2018-08-21,Q3,Ca,4.871666666666667
2018-10-23,Q3,NO3-N,202
2018-10-23,Q3,NH4-N,18
2018-10-23,Q3,K,0.9183333333333333
2018-10-23,Q3,Mg,2.9883333333333333
2018-10-23,Q3,Ca,4.86
2018-12-25,Q3,NO3-N,101.6
2018-12-25,Q3,NH4-N,7
2018-12-25,Q3,K,0.85
2018-12-25,Q3,Mg,3.425
2018-12-25,Q3,Ca,5.35625
2019-02-26,Q3,NO3-N,151.85714285714286
2019-02-26,Q3,NH4-N,9
2019-02-26,Q3,K,0.8744444444444445
2019-02-26,Q3,Mg,3.4033333333333333
2019-02-26,Q3,Ca,5.487777777777778
2019-04-30,Q3,NO3-N,123.57142857142857
2019-04-30,Q3,NH4-N,6
2019-04-30,Q3,K,0.7577777777777778
2019-04-30,Q3,Mg,3.281111111111111
2019-04-30,Q3,Ca,4.99
2019-07-02,Q3,NO3-N,96.28571428571429
2019-07-02,Q3,NH4-N,7
2019-07-02,Q3,K,0.7611111111111112
2019-07-02,Q3,Mg,2.988888888888889
2019-07-02,Q3,Ca,4.518888888888889
2019-09-03,Q3,NO3-N,148.83333333333334
2019-09-03,Q3,NH4-N,8.4
2019-09-03,Q3,K,0.6633333333333333
2019-09-03,Q3,Mg,3.022222222222222
2019-09-03,Q3,Ca,4.435555555555555
2019-11-05,Q3,NO3-N,199.125
2019-11-05,Q3,NH4-N,NA
2019-11-05,Q3,K,0.7777777777777778
2019-11-05,Q3,Mg,2.7911111111111113
2019-11-05,Q3,Ca,4.288888888888889
2020-01-07,Q3,NO3-N,201.66666666666666
2020-01-07,Q3,NH4-N,8
2020-01-07,Q3,K,0.7044444444444444
2020-01-07,Q3,Mg,2.551111111111111
2020-01-07,Q3,Ca,4.081111111111111
2020-03-10,Q3,NO3-N,172
2020-03-10,Q3,NH4-N,NA
2020-03-10,Q3,K,0.76
2020-03-10,Q3,Mg,3.3
2020-03-10,Q3,Ca,5.6850000000000005
2020-05-12,Q3,NO3-N,121
2020-05-12,Q3,NH4-N,19
2020-05-12,Q3,K,0.76
2020-05-12,Q3,Mg,1.86
2020-05-12,Q3,Ca,3.03
2020-07-14,Q3,NO3-N,122.14285714285714
2020-07-14,Q3,NH4-N,9.25
2020-07-14,Q3,K,0.7085714285714285
2020-07-14,Q3,Mg,2.7385714285714284
2020-07-14,Q3,Ca,4.621428571428572
2020-09-15,Q3,NO3-N,175.875
2020-09-15,Q3,NH4-N,9.333333333333334
2020-09-15,Q3,K,0.70375
2020-09-15,Q3,Mg,2.8375
2020-09-15,Q3,Ca,4.4775
2020-11-17,Q3,NO3-N,204
2020-11-17,Q3,NH4-N,9
2020-11-17,Q3,K,0.7128571428571429
2020-11-17,Q3,Mg,3.2085714285714286
2020-11-17,Q3,Ca,5.1899999999999995
1989-05-16,MPR,NO3-N,59.625
1989-05-16,MPR,NH4-N,NA
1989-05-16,MPR,K,0.6855555555555556
1989-05-16,MPR,Mg,1.96
1989-05-16,MPR,Ca,6.483333333333333
1989-07-18,MPR,NO3-N,73.71428571428571
1989-07-18,MPR,NH4-N,NA
1989-07-18,MPR,K,0.6614285714285714
1989-07-18,MPR,Mg,1.5783333333333334
1989-07-18,MPR,Ca,6.252857142857143
1989-09-19,MPR,NO3-N,273.8
1989-09-19,MPR,NH4-N,NA
1989-09-19,MPR,K,1.21
1989-09-19,MPR,Mg,2.194
1989-09-19,MPR,Ca,6.906
1989-11-21,MPR,NO3-N,112.71428571428571
1989-11-21,MPR,NH4-N,NA
1989-11-21,MPR,K,0.8825000000000001
1989-11-21,MPR,Mg,2.572857142857143
1989-11-21,MPR,Ca,9.21857142857143
1990-01-23,MPR,NO3-N,209.22222222222223
1990-01-23,MPR,NH4-N,NA
1990-01-23,MPR,K,1.0688888888888888
1990-01-23,MPR,Mg,2.106666666666667
1990-01-23,MPR,Ca,8.71
1990-03-27,MPR,NO3-N,143.33333333333334
1990-03-27,MPR,NH4-N,NA
1990-03-27,MPR,K,1.0077777777777777
1990-03-27,MPR,Mg,2.152222222222222
1990-03-27,MPR,Ca,9.083333333333334
1990-05-29,MPR,NO3-N,187
1990-05-29,MPR,NH4-N,NA
1990-05-29,MPR,K,0.9544444444444444
1990-05-29,MPR,Mg,2.002222222222222
1990-05-29,MPR,Ca,8.342222222222222
1990-07-31,MPR,NO3-N,131.88888888888889
1990-07-31,MPR,NH4-N,NA
1990-07-31,MPR,K,0.8522222222222222
1990-07-31,MPR,Mg,2.1422222222222222
1990-07-31,MPR,Ca,9.635555555555555
1990-10-02,MPR,NO3-N,126.125
1990-10-02,MPR,NH4-N,NA
1990-10-02,MPR,K,0.77
1990-10-02,MPR,Mg,1.9877777777777779
1990-10-02,MPR,Ca,7.89
1990-12-04,MPR,NO3-N,136.75
1990-12-04,MPR,NH4-N,NA
1990-12-04,MPR,K,0.6533333333333333
1990-12-04,MPR,Mg,2.1144444444444446
1990-12-04,MPR,Ca,6.934444444444445
1991-02-05,MPR,NO3-N,121.625
1991-02-05,MPR,NH4-N,NA
1991-02-05,MPR,K,0.8922222222222222
1991-02-05,MPR,Mg,1.9511111111111112
1991-02-05,MPR,Ca,7.41875
1991-04-09,MPR,NO3-N,50.25
1991-04-09,MPR,NH4-N,NA
1991-04-09,MPR,K,0.77
1991-04-09,MPR,Mg,0.9285714285714285
1991-04-09,MPR,Ca,4.635
1991-06-11,MPR,NO3-N,58.33333333333333
1991-06-11,MPR,NH4-N,NA
1991-06-11,MPR,K,0.7728571428571429
1991-06-11,MPR,Mg,1.61625
1991-06-11,MPR,Ca,5.595714285714285
1991-08-13,MPR,NO3-N,80.42857142857143
1991-08-13,MPR,NH4-N,NA
1991-08-13,MPR,K,0.8411111111111111
1991-08-13,MPR,Mg,2.61
1991-08-13,MPR,Ca,9.283333333333333
1991-10-15,MPR,NO3-N,118.88888888888889
1991-10-15,MPR,NH4-N,NA
1991-10-15,MPR,K,0.72125
1991-10-15,MPR,Mg,1.975
1991-10-15,MPR,Ca,6.5337499999999995
1991-12-17,MPR,NO3-N,128.11111111111111
1991-12-17,MPR,NH4-N,NA
1991-12-17,MPR,K,0.7444444444444445
1991-12-17,MPR,Mg,1.9277777777777778
1991-12-17,MPR,Ca,8.153333333333332
1992-02-18,MPR,NO3-N,108.375
1992-02-18,MPR,NH4-N,NA
1992-02-18,MPR,K,0.9533333333333334
1992-02-18,MPR,Mg,2.8133333333333335
1992-02-18,MPR,Ca,9.7325
1992-04-21,MPR,NO3-N,54.375
1992-04-21,MPR,NH4-N,NA
1992-04-21,MPR,K,0.8288888888888889
1992-04-21,MPR,Mg,1.8177777777777777
1992-04-21,MPR,Ca,7.38
1992-06-23,MPR,NO3-N,38.111111111111114
1992-06-23,MPR,NH4-N,NA
1992-06-23,MPR,K,0.7744444444444444
1992-06-23,MPR,Mg,2.088888888888889
1992-06-23,MPR,Ca,8.1466666666666665
1992-08-25,MPR,NO3-N,52.55555555555556
1992-08-25,MPR,NH4-N,NA
1992-08-25,MPR,K,0.8466666666666667
1992-08-25,MPR,Mg,2.39
1992-08-25,MPR,Ca,9.634444444444444
1992-10-27,MPR,NO3-N,33.57142857142857
1992-10-27,MPR,NH4-N,NA
1992-10-27,MPR,K,0.70625
1992-10-27,MPR,Mg,1.77125
1992-10-27,MPR,Ca,7.395
1992-12-29,MPR,NO3-N,NA
1992-12-29,MPR,NH4-N,NA
1992-12-29,MPR,K,0.7255555555555555
1992-12-29,MPR,Mg,1.9188888888888889
1992-12-29,MPR,Ca,7.552222222222222
1993-03-02,MPR,NO3-N,81.33333333333333
1993-03-02,MPR,NH4-N,NA
1993-03-02,MPR,K,0.8055555555555556
1993-03-02,MPR,Mg,2.371111111111111
1993-03-02,MPR,Ca,9.314444444444444
1993-05-04,MPR,NO3-N,42
1993-05-04,MPR,NH4-N,NA
1993-05-04,MPR,K,0.8555555555555555
1993-05-04,MPR,Mg,1.9933333333333334
1993-05-04,MPR,Ca,7.9944444444444445
1993-07-06,MPR,NO3-N,63
1993-07-06,MPR,NH4-N,NA
1993-07-06,MPR,K,0.7675
1993-07-06,MPR,Mg,2.01
1993-07-06,MPR,Ca,8.5875
1993-09-07,MPR,NO3-N,49.111111111111114
1993-09-07,MPR,NH4-N,NA
1993-09-07,MPR,K,0.7211111111111111
1993-09-07,MPR,Mg,1.9766666666666666
1993-09-07,MPR,Ca,8.001111111111111
1993-11-09,MPR,NO3-N,28.833333333333332
1993-11-09,MPR,NH4-N,NA
1993-11-09,MPR,K,0.6577777777777778
1993-11-09,MPR,Mg,1.6811111111111112
1993-11-09,MPR,Ca,7.39625
1994-01-11,MPR,NO3-N,6.333333333333333
1994-01-11,MPR,NH4-N,NA
1994-01-11,MPR,K,0.5700000000000001
1994-01-11,MPR,Mg,1.6344444444444444
1994-01-11,MPR,Ca,6.863333333333333
1994-03-15,MPR,NO3-N,18.5
1994-03-15,MPR,NH4-N,NA
1994-03-15,MPR,K,0.7277777777777777
1994-03-15,MPR,Mg,2.2044444444444444
1994-03-15,MPR,Ca,9.652222222222223
1994-05-17,MPR,NO3-N,19.625
1994-05-17,MPR,NH4-N,NA
1994-05-17,MPR,K,0.8633333333333333
1994-05-17,MPR,Mg,2.3433333333333333
1994-05-17,MPR,Ca,8.848888888888888
1994-07-19,MPR,NO3-N,119
1994-07-19,MPR,NH4-N,NA
1994-07-19,MPR,K,0.8666666666666667
1994-07-19,MPR,Mg,2.5
1994-07-19,MPR,Ca,9.666666666666666
1994-09-20,MPR,NO3-N,NA
1994-09-20,MPR,NH4-N,NA
1994-09-20,MPR,K,0.7844444444444444
1994-09-20,MPR,Mg,1.8944444444444444
1994-09-20,MPR,Ca,8.686666666666667
1994-11-22,MPR,NO3-N,43
1994-11-22,MPR,NH4-N,NA
1994-11-22,MPR,K,0.6855555555555556
1994-11-22,MPR,Mg,2.1277777777777778
1994-11-22,MPR,Ca,8.345555555555556
1995-01-24,MPR,NO3-N,NA
1995-01-24,MPR,NH4-N,NA
1995-01-24,MPR,K,0.6900000000000001
1995-01-24,MPR,Mg,2.0966666666666667
1995-01-24,MPR,Ca,8.94111111111111
1995-03-28,MPR,NO3-N,NA
1995-03-28,MPR,NH4-N,NA
1995-03-28,MPR,K,0.7733333333333333
1995-03-28,MPR,Mg,2.2916666666666665
1995-03-28,MPR,Ca,9.715
1995-05-30,MPR,NO3-N,NA
1995-05-30,MPR,NH4-N,NA
1995-05-30,MPR,K,0.666
1995-05-30,MPR,Mg,2.232
1995-05-30,MPR,Ca,9.906
1995-08-01,MPR,NO3-N,NA
1995-08-01,MPR,NH4-N,NA
1995-08-01,MPR,K,NA
1995-08-01,MPR,Mg,NA
1995-08-01,MPR,Ca,NA
1995-10-03,MPR,NO3-N,NA
1995-10-03,MPR,NH4-N,NA
1995-10-03,MPR,K,NA
1995-10-03,MPR,Mg,NA
1995-10-03,MPR,Ca,NA
1995-12-05,MPR,NO3-N,NA
1995-12-05,MPR,NH4-N,NA
1995-12-05,MPR,K,0.7316666666666667
1995-12-05,MPR,Mg,1.9316666666666666
1995-12-05,MPR,Ca,7.956666666666667
1996-02-06,MPR,NO3-N,NA
1996-02-06,MPR,NH4-N,NA
1996-02-06,MPR,K,0.8111111111111111
1996-02-06,MPR,Mg,2.5555555555555554
1996-02-06,MPR,Ca,9.486666666666666
1996-04-09,MPR,NO3-N,NA
1996-04-09,MPR,NH4-N,NA
1996-04-09,MPR,K,0.78625
1996-04-09,MPR,Mg,2.0275
1996-04-09,MPR,Ca,7.9975000000000005
1996-06-11,MPR,NO3-N,79
1996-06-11,MPR,NH4-N,NA
1996-06-11,MPR,K,0.7614285714285715
1996-06-11,MPR,Mg,2.1914285714285713
1996-06-11,MPR,Ca,8.432857142857143
1996-08-13,MPR,NO3-N,NA
1996-08-13,MPR,NH4-N,NA
1996-08-13,MPR,K,0.7424999999999999
1996-08-13,MPR,Mg,2.20625
1996-08-13,MPR,Ca,8.11875
1996-10-15,MPR,NO3-N,162.66666666666666
1996-10-15,MPR,NH4-N,NA
1996-10-15,MPR,K,0.7222222222222222
1996-10-15,MPR,Mg,1.8511111111111112
1996-10-15,MPR,Ca,6.816666666666666
1996-12-17,MPR,NO3-N,115.71428571428571
1996-12-17,MPR,NH4-N,NA
1996-12-17,MPR,K,0.7428571428571429
1996-12-17,MPR,Mg,1.7914285714285714
1996-12-17,MPR,Ca,7.492857142857143
1997-02-18,MPR,NO3-N,98.625
1997-02-18,MPR,NH4-N,NA
1997-02-18,MPR,K,0.8444444444444444
1997-02-18,MPR,Mg,2.2244444444444444
1997-02-18,MPR,Ca,9.216666666666667
1997-04-22,MPR,NO3-N,132.42857142857142
1997-04-22,MPR,NH4-N,NA
1997-04-22,MPR,K,0.8914285714285715
1997-04-22,MPR,Mg,1.7614285714285713
1997-04-22,MPR,Ca,8.031428571428572
1997-06-24,MPR,NO3-N,88
1997-06-24,MPR,NH4-N,NA
1997-06-24,MPR,K,0.7155555555555555
1997-06-24,MPR,Mg,2.1544444444444446
1997-06-24,MPR,Ca,7.912222222222223
1997-08-26,MPR,NO3-N,57.75
1997-08-26,MPR,NH4-N,6.5
1997-08-26,MPR,K,0.62
1997-08-26,MPR,Mg,1.758888888888889
1997-08-26,MPR,Ca,6.937777777777778
1997-10-28,MPR,NO3-N,57.142857142857146
1997-10-28,MPR,NH4-N,25.75
1997-10-28,MPR,K,0.785
1997-10-28,MPR,Mg,2.051
1997-10-28,MPR,Ca,6.845
1997-12-30,MPR,NO3-N,62.142857142857146
1997-12-30,MPR,NH4-N,30.571428571428573
1997-12-30,MPR,K,0.66875
1997-12-30,MPR,Mg,1.795
1997-12-30,MPR,Ca,6.12125
1998-03-03,MPR,NO3-N,35.285714285714285
1998-03-03,MPR,NH4-N,9
1998-03-03,MPR,K,0.82125
1998-03-03,MPR,Mg,1.84
1998-03-03,MPR,Ca,5.872222222222222
1998-05-05,MPR,NO3-N,74.375
1998-05-05,MPR,NH4-N,14
1998-05-05,MPR,K,0.7877777777777778
1998-05-05,MPR,Mg,1.557777777777778
1998-05-05,MPR,Ca,5.374444444444444
1998-07-07,MPR,NO3-N,75.72727272727272
1998-07-07,MPR,NH4-N,14.5
1998-07-07,MPR,K,0.73
1998-07-07,MPR,Mg,2.231818181818182
1998-07-07,MPR,Ca,6.744545454545454
1998-09-08,MPR,NO3-N,162.83333333333331
1998-09-08,MPR,NH4-N,12
1998-09-08,MPR,K,1.1841666666666666
1998-09-08,MPR,Mg,1.9341666666666666
1998-09-08,MPR,Ca,8.21
1998-11-10,MPR,NO3-N,376.875
1998-11-10,MPR,NH4-N,7.25
1998-11-10,MPR,K,1.0875
1998-11-10,MPR,Mg,2.04375
1998-11-10,MPR,Ca,7.03875
1999-01-12,MPR,NO3-N,178
1999-01-12,MPR,NH4-N,13.833333333333332
1999-01-12,MPR,K,1.0622222222222222
1999-01-12,MPR,Mg,3.5877777777777777
1999-01-12,MPR,Ca,8.186666666666667
1999-03-16,MPR,NO3-N,131
1999-03-16,MPR,NH4-N,11.857142857142858
1999-03-16,MPR,K,1.0244444444444445
1999-03-16,MPR,Mg,2.4811111111111113
1999-03-16,MPR,Ca,7.528888888888889
1999-05-18,MPR,NO3-N,111.14285714285714
1999-05-18,MPR,NH4-N,7.5
1999-05-18,MPR,K,1.0355555555555556
1999-05-18,MPR,Mg,2.03
1999-05-18,MPR,Ca,7.023333333333333
1999-07-20,MPR,NO3-N,127.75
1999-07-20,MPR,NH4-N,7
1999-07-20,MPR,K,0.78625
1999-07-20,MPR,Mg,1.8775
1999-07-20,MPR,Ca,6.4675
1999-09-21,MPR,NO3-N,166.11111111111111
1999-09-21,MPR,NH4-N,7.166666666666667
1999-09-21,MPR,K,0.77
1999-09-21,MPR,Mg,1.8322222222222222
1999-09-21,MPR,Ca,6.333333333333333
1999-11-23,MPR,NO3-N,154.66666666666666
1999-11-23,MPR,NH4-N,7.75
1999-11-23,MPR,K,0.5955555555555555
1999-11-23,MPR,Mg,1.7844444444444445
1999-11-23,MPR,Ca,5.685555555555555
2000-01-25,MPR,NO3-N,84
2000-01-25,MPR,NH4-N,9.2
2000-01-25,MPR,K,0.587
2000-01-25,MPR,Mg,2.013
2000-01-25,MPR,Ca,6.248
2000-03-28,MPR,NO3-N,55.77777777777778
2000-03-28,MPR,NH4-N,7.333333333333333
2000-03-28,MPR,K,0.68
2000-03-28,MPR,Mg,2.33
2000-03-28,MPR,Ca,7.903333333333333
2000-05-30,MPR,NO3-N,66.8
2000-05-30,MPR,NH4-N,8.571428571428571
2000-05-30,MPR,K,0.667
2000-05-30,MPR,Mg,1.968
2000-05-30,MPR,Ca,6.364
2000-08-01,MPR,NO3-N,74.22222222222223
2000-08-01,MPR,NH4-N,7.666666666666667
2000-08-01,MPR,K,0.7366666666666667
2000-08-01,MPR,Mg,1.8955555555555554
2000-08-01,MPR,Ca,7.386666666666667
2000-10-03,MPR,NO3-N,93.33333333333333
2000-10-03,MPR,NH4-N,10
2000-10-03,MPR,K,0.7
2000-10-03,MPR,Mg,1.8422222222222222
2000-10-03,MPR,Ca,6.138888888888889
2000-12-05,MPR,NO3-N,105
2000-12-05,MPR,NH4-N,9.833333333333334
2000-12-05,MPR,K,0.72625
2000-12-05,MPR,Mg,2.1350000000000002
2000-12-05,MPR,Ca,7.0175
2001-02-06,MPR,NO3-N,59.111111111111114
2001-02-06,MPR,NH4-N,7.714285714285714
2001-02-06,MPR,K,0.7655555555555555
2001-02-06,MPR,Mg,2.398888888888889
2001-02-06,MPR,Ca,9.562222222222223
2001-04-10,MPR,NO3-N,47.22222222222222
2001-04-10,MPR,NH4-N,7
2001-04-10,MPR,K,0.7
2001-04-10,MPR,Mg,1.8033333333333335
2001-04-10,MPR,Ca,7.136666666666667
2001-06-12,MPR,NO3-N,52.1
2001-06-12,MPR,NH4-N,7
2001-06-12,MPR,K,0.763
2001-06-12,MPR,Mg,2.084
2001-06-12,MPR,Ca,8.342
2001-08-14,MPR,NO3-N,53.888888888888886
2001-08-14,MPR,NH4-N,7
2001-08-14,MPR,K,0.7677777777777778
2001-08-14,MPR,Mg,1.9644444444444444
2001-08-14,MPR,Ca,7.5344444444444445
2001-10-16,MPR,NO3-N,91
2001-10-16,MPR,NH4-N,12.25
2001-10-16,MPR,K,0.674
2001-10-16,MPR,Mg,1.787
2001-10-16,MPR,Ca,6.728
2001-12-18,MPR,NO3-N,124.22222222222223
2001-12-18,MPR,NH4-N,9
2001-12-18,MPR,K,0.7088888888888889
2001-12-18,MPR,Mg,2.042222222222222
2001-12-18,MPR,Ca,5.857777777777778
2002-02-19,MPR,NO3-N,72.22222222222223
2002-02-19,MPR,NH4-N,9.166666666666666
2002-02-19,MPR,K,0.7288888888888889
2002-02-19,MPR,Mg,1.988888888888889
2002-02-19,MPR,Ca,7.052222222222222
2002-04-23,MPR,NO3-N,50.75
2002-04-23,MPR,NH4-N,7.428571428571429
2002-04-23,MPR,K,0.6511111111111111
2002-04-23,MPR,Mg,1.728888888888889
2002-04-23,MPR,Ca,5.6066666666666665
2002-06-25,MPR,NO3-N,63.55555555555556
2002-06-25,MPR,NH4-N,10.444444444444445
2002-06-25,MPR,K,0.7255555555555555
2002-06-25,MPR,Mg,2.207777777777778
2002-06-25,MPR,Ca,7.983333333333333
2002-08-27,MPR,NO3-N,74.88888888888889
2002-08-27,MPR,NH4-N,7.5
2002-08-27,MPR,K,0.6444444444444444
2002-08-27,MPR,Mg,1.8444444444444443
2002-08-27,MPR,Ca,8.01
2002-10-29,MPR,NO3-N,84.66666666666667
2002-10-29,MPR,NH4-N,9.428571428571429
2002-10-29,MPR,K,0.6366666666666667
2002-10-29,MPR,Mg,1.8722222222222222
2002-10-29,MPR,Ca,7.651111111111111
2002-12-31,MPR,NO3-N,83.66666666666667
2002-12-31,MPR,NH4-N,8.833333333333334
2002-12-31,MPR,K,0.56875
2002-12-31,MPR,Mg,1.61875
2002-12-31,MPR,Ca,6.557142857142857
2003-03-04,MPR,NO3-N,54.22222222222222
2003-03-04,MPR,NH4-N,8.2
2003-03-04,MPR,K,0.6255555555555555
2003-03-04,MPR,Mg,2.2266666666666666
2003-03-04,MPR,Ca,9.301111111111112
2003-05-06,MPR,NO3-N,46.333333333333336
2003-05-06,MPR,NH4-N,8
2003-05-06,MPR,K,0.6844444444444444
2003-05-06,MPR,Mg,1.9644444444444444
2003-05-06,MPR,Ca,5.486666666666666
2003-07-08,MPR,NO3-N,72.55555555555556
2003-07-08,MPR,NH4-N,13
2003-07-08,MPR,K,0.7677777777777778
2003-07-08,MPR,Mg,1.8955555555555557
2003-07-08,MPR,Ca,6.126666666666667
2003-09-09,MPR,NO3-N,91.77777777777777
2003-09-09,MPR,NH4-N,9
2003-09-09,MPR,K,0.6811111111111111
2003-09-09,MPR,Mg,1.9233333333333333
2003-09-09,MPR,Ca,6.735555555555556
2003-11-11,MPR,NO3-N,98.11111111111111
2003-11-11,MPR,NH4-N,8.5
2003-11-11,MPR,K,0.5977777777777777
2003-11-11,MPR,Mg,1.7722222222222221
2003-11-11,MPR,Ca,6.125555555555556
2004-01-13,MPR,NO3-N,82.375
2004-01-13,MPR,NH4-N,16.5
2004-01-13,MPR,K,0.6988888888888889
2004-01-13,MPR,Mg,2.0633333333333335
2004-01-13,MPR,Ca,7.653333333333333
2004-03-16,MPR,NO3-N,38.5
2004-03-16,MPR,NH4-N,6.5
2004-03-16,MPR,K,0.6333333333333333
2004-03-16,MPR,Mg,1.6133333333333333
2004-03-16,MPR,Ca,5.472222222222222
2004-05-18,MPR,NO3-N,68.77777777777777
2004-05-18,MPR,NH4-N,13
2004-05-18,MPR,K,0.7922222222222223
2004-05-18,MPR,Mg,1.8888888888888888
2004-05-18,MPR,Ca,6.085555555555556
2004-07-20,MPR,NO3-N,59.75
2004-07-20,MPR,NH4-N,10
2004-07-20,MPR,K,0.7322222222222222
2004-07-20,MPR,Mg,1.9011111111111112
2004-07-20,MPR,Ca,6.583333333333333
2004-09-21,MPR,NO3-N,82.22222222222223
2004-09-21,MPR,NH4-N,14.333333333333334
2004-09-21,MPR,K,0.9111111111111111
2004-09-21,MPR,Mg,1.9211111111111112
2004-09-21,MPR,Ca,6.974444444444444
2004-11-23,MPR,NO3-N,82.25
2004-11-23,MPR,NH4-N,5.5
2004-11-23,MPR,K,0.6033333333333333
2004-11-23,MPR,Mg,1.7044444444444444
2004-11-23,MPR,Ca,6.586666666666667
2005-01-25,MPR,NO3-N,68.33333333333333
2005-01-25,MPR,NH4-N,10
2005-01-25,MPR,K,0.5766666666666667
2005-01-25,MPR,Mg,2.022222222222222
2005-01-25,MPR,Ca,7.4255555555555555
2005-03-29,MPR,NO3-N,72.33333333333333
2005-03-29,MPR,NH4-N,28.6
2005-03-29,MPR,K,0.6166666666666667
2005-03-29,MPR,Mg,1.7266666666666666
2005-03-29,MPR,Ca,6.555555555555555
2005-05-31,MPR,NO3-N,55.111111111111114
2005-05-31,MPR,NH4-N,9
2005-05-31,MPR,K,0.67
2005-05-31,MPR,Mg,1.9744444444444444
2005-05-31,MPR,Ca,7.654444444444445
2005-08-02,MPR,NO3-N,57.75
2005-08-02,MPR,NH4-N,12.666666666666666
2005-08-02,MPR,K,0.5877777777777777
2005-08-02,MPR,Mg,1.73
2005-08-02,MPR,Ca,7.432222222222222
2005-10-04,MPR,NO3-N,74.125
2005-10-04,MPR,NH4-N,8
2005-10-04,MPR,K,0.5644444444444444
2005-10-04,MPR,Mg,1.6644444444444444
2005-10-04,MPR,Ca,6.108888888888889
2005-12-06,MPR,NO3-N,72.375
2005-12-06,MPR,NH4-N,12.666666666666666
2005-12-06,MPR,K,0.5444444444444445
2005-12-06,MPR,Mg,1.758888888888889
2005-12-06,MPR,Ca,6.578888888888889
2006-02-07,MPR,NO3-N,68.11111111111111
2006-02-07,MPR,NH4-N,9
2006-02-07,MPR,K,0.5911111111111111
2006-02-07,MPR,Mg,1.9677777777777776
2006-02-07,MPR,Ca,6.706666666666667
2006-04-11,MPR,NO3-N,46.666666666666664
2006-04-11,MPR,NH4-N,7
2006-04-11,MPR,K,0.6377777777777778
2006-04-11,MPR,Mg,2.0355555555555553
2006-04-11,MPR,Ca,7.788888888888889
2006-06-13,MPR,NO3-N,69.25
2006-06-13,MPR,NH4-N,8.75
2006-06-13,MPR,K,0.6488888888888888
2006-06-13,MPR,Mg,1.8811111111111112
2006-06-13,MPR,Ca,7.373333333333333
2006-08-15,MPR,NO3-N,53.714285714285715
2006-08-15,MPR,NH4-N,15.5
2006-08-15,MPR,K,0.6366666666666666
2006-08-15,MPR,Mg,1.761111111111111
2006-08-15,MPR,Ca,7.702222222222222
2006-10-17,MPR,NO3-N,69.33333333333333
2006-10-17,MPR,NH4-N,7.75
2006-10-17,MPR,K,0.6355555555555555
2006-10-17,MPR,Mg,1.768888888888889
2006-10-17,MPR,Ca,7.816666666666666
2006-12-19,MPR,NO3-N,83.44444444444444
2006-12-19,MPR,NH4-N,8
2006-12-19,MPR,K,0.6666666666666666
2006-12-19,MPR,Mg,2.0455555555555556
2006-12-19,MPR,Ca,8.217777777777778
2007-02-20,MPR,NO3-N,58.777777777777786
2007-02-20,MPR,NH4-N,7.888888888888889
2007-02-20,MPR,K,0.7188888888888889
2007-02-20,MPR,Mg,2.2911111111111113
2007-02-20,MPR,Ca,7.958888888888889
2007-04-24,MPR,NO3-N,51.375
2007-04-24,MPR,NH4-N,9.4
2007-04-24,MPR,K,0.6555555555555556
2007-04-24,MPR,Mg,1.988888888888889
2007-04-24,MPR,Ca,7.127777777777778
2007-06-26,MPR,NO3-N,48.77777777777778
2007-06-26,MPR,NH4-N,9.285714285714286
2007-06-26,MPR,K,0.6722222222222223
2007-06-26,MPR,Mg,1.8666666666666667
2007-06-26,MPR,Ca,7.6466666666666665
2007-08-28,MPR,NO3-N,78.66666666666667
2007-08-28,MPR,NH4-N,7
2007-08-28,MPR,K,0.59
2007-08-28,MPR,Mg,2.021111111111111
2007-08-28,MPR,Ca,7.732222222222222
2007-10-30,MPR,NO3-N,107.625
2007-10-30,MPR,NH4-N,12.4
2007-10-30,MPR,K,0.52
2007-10-30,MPR,Mg,1.5677777777777777
2007-10-30,MPR,Ca,6.376666666666667
2008-01-01,MPR,NO3-N,63.42857142857143
2008-01-01,MPR,NH4-N,10
2008-01-01,MPR,K,0.63875
2008-01-01,MPR,Mg,2.0025
2008-01-01,MPR,Ca,8.29125
2008-03-04,MPR,NO3-N,61.125
2008-03-04,MPR,NH4-N,8.333333333333334
2008-03-04,MPR,K,0.6877777777777778
2008-03-04,MPR,Mg,2.214444444444444
2008-03-04,MPR,Ca,6.642222222222222
2008-05-06,MPR,NO3-N,38.875
2008-05-06,MPR,NH4-N,6
2008-05-06,MPR,K,0.64875
2008-05-06,MPR,Mg,2.0425
2008-05-06,MPR,Ca,9.055
2008-07-08,MPR,NO3-N,61.111111111111114
2008-07-08,MPR,NH4-N,13
2008-07-08,MPR,K,0.6288888888888889
2008-07-08,MPR,Mg,2.132222222222222
2008-07-08,MPR,Ca,7.717777777777778
2008-09-09,MPR,NO3-N,74.5
2008-09-09,MPR,NH4-N,13
2008-09-09,MPR,K,0.545
2008-09-09,MPR,Mg,1.9689999999999999
2008-09-09,MPR,Ca,6.907
2008-11-11,MPR,NO3-N,69
2008-11-11,MPR,NH4-N,18
2008-11-11,MPR,K,0.5414285714285715
2008-11-11,MPR,Mg,1.78
2008-11-11,MPR,Ca,6.83
2009-01-13,MPR,NO3-N,57.5
2009-01-13,MPR,NH4-N,18
2009-01-13,MPR,K,0.6188888888888889
2009-01-13,MPR,Mg,2.31
2009-01-13,MPR,Ca,10.45111111111111
2009-03-17,MPR,NO3-N,39.375
2009-03-17,MPR,NH4-N,5
2009-03-17,MPR,K,0.6711111111111111
2009-03-17,MPR,Mg,1.9166666666666665
2009-03-17,MPR,Ca,8.698888888888888
2009-05-19,MPR,NO3-N,53.55555555555556
2009-05-19,MPR,NH4-N,15
2009-05-19,MPR,K,0.6766666666666666
2009-05-19,MPR,Mg,1.982222222222222
2009-05-19,MPR,Ca,7.378888888888889
2009-07-21,MPR,NO3-N,65
2009-07-21,MPR,NH4-N,8.2
2009-07-21,MPR,K,0.7244444444444444
2009-07-21,MPR,Mg,1.8955555555555554
2009-07-21,MPR,Ca,8.265555555555554
2009-09-22,MPR,NO3-N,66.66666666666667
2009-09-22,MPR,NH4-N,11.6
2009-09-22,MPR,K,0.66
2009-09-22,MPR,Mg,1.8444444444444443
2009-09-22,MPR,Ca,7.808888888888889
2009-11-24,MPR,NO3-N,72.77777777777777
2009-11-24,MPR,NH4-N,12.833333333333334
2009-11-24,MPR,K,0.6755555555555556
2009-11-24,MPR,Mg,2.051111111111111
2009-11-24,MPR,Ca,8.633333333333333
2010-01-26,MPR,NO3-N,72.33333333333333
2010-01-26,MPR,NH4-N,12.833333333333334
2010-01-26,MPR,K,0.6388888888888888
2010-01-26,MPR,Mg,2.03
2010-01-26,MPR,Ca,8.936666666666667
2010-03-30,MPR,NO3-N,49.22222222222222
2010-03-30,MPR,NH4-N,11.857142857142858
2010-03-30,MPR,K,0.49222222222222223
2010-03-30,MPR,Mg,1.8511111111111112
2010-03-30,MPR,Ca,6.958888888888889
2010-06-01,MPR,NO3-N,49.55555555555556
2010-06-01,MPR,NH4-N,9.5
2010-06-01,MPR,K,0.5044444444444445
2010-06-01,MPR,Mg,1.6533333333333333
2010-06-01,MPR,Ca,6.084444444444444
2010-08-03,MPR,NO3-N,57.666666666666664
2010-08-03,MPR,NH4-N,11.833333333333334
2010-08-03,MPR,K,0.60375
2010-08-03,MPR,Mg,1.6412499999999999
2010-08-03,MPR,Ca,7.115
2010-10-05,MPR,NO3-N,86.66666666666667
2010-10-05,MPR,NH4-N,22
2010-10-05,MPR,K,0.5988888888888889
2010-10-05,MPR,Mg,2.0366666666666666
2010-10-05,MPR,Ca,7.846666666666667
2010-12-07,MPR,NO3-N,52.75
2010-12-07,MPR,NH4-N,17.5
2010-12-07,MPR,K,0.6333333333333333
2010-12-07,MPR,Mg,2.1644444444444444
2010-12-07,MPR,Ca,8.601111111111111
2011-02-08,MPR,NO3-N,39.333333333333336
2011-02-08,MPR,NH4-N,6.5
2011-02-08,MPR,K,0.55
2011-02-08,MPR,Mg,1.9977777777777777
2011-02-08,MPR,Ca,8.87
2011-04-12,MPR,NO3-N,32.857142857142854
2011-04-12,MPR,NH4-N,21
2011-04-12,MPR,K,0.5388888888888889
2011-04-12,MPR,Mg,1.7722222222222221
2011-04-12,MPR,Ca,8.213333333333333
2011-06-14,MPR,NO3-N,49.857142857142854
2011-06-14,MPR,NH4-N,13
2011-06-14,MPR,K,0.5222222222222223
2011-06-14,MPR,Mg,1.521111111111111
2011-06-14,MPR,Ca,8.157777777777778
2011-08-16,MPR,NO3-N,93
2011-08-16,MPR,NH4-N,8
2011-08-16,MPR,K,0.6075
2011-08-16,MPR,Mg,1.70375
2011-08-16,MPR,Ca,8.08875
2011-10-18,MPR,NO3-N,98
2011-10-18,MPR,NH4-N,12
2011-10-18,MPR,K,0.5655555555555556
2011-10-18,MPR,Mg,1.6422222222222222
2011-10-18,MPR,Ca,8.055555555555555
2011-12-20,MPR,NO3-N,62.375
2011-12-20,MPR,NH4-N,11.666666666666666
2011-12-20,MPR,K,0.61
2011-12-20,MPR,Mg,2.174444444444444
2011-12-20,MPR,Ca,9.276666666666667
2012-02-21,MPR,NO3-N,36
2012-02-21,MPR,NH4-N,NA
2012-02-21,MPR,K,0.5566666666666666
2012-02-21,MPR,Mg,1.8244444444444445
2012-02-21,MPR,Ca,8.87111111111111
2012-04-24,MPR,NO3-N,49
2012-04-24,MPR,NH4-N,17
2012-04-24,MPR,K,0.62
2012-04-24,MPR,Mg,1.9344444444444444
2012-04-24,MPR,Ca,8.777777777777777
2012-06-26,MPR,NO3-N,68
2012-06-26,MPR,NH4-N,11.25
2012-06-26,MPR,K,0.55375
2012-06-26,MPR,Mg,1.68125
2012-06-26,MPR,Ca,7.50875
2012-08-28,MPR,NO3-N,59.2
2012-08-28,MPR,NH4-N,5
2012-08-28,MPR,K,0.6244444444444445
2012-08-28,MPR,Mg,1.9877777777777779
2012-08-28,MPR,Ca,8.69
2012-10-30,MPR,NO3-N,49.6
2012-10-30,MPR,NH4-N,14.333333333333334
2012-10-30,MPR,K,0.5688888888888889
2012-10-30,MPR,Mg,1.771111111111111
2012-10-30,MPR,Ca,7.386666666666667
2013-01-01,MPR,NO3-N,73.25
2013-01-01,MPR,NH4-N,6
2013-01-01,MPR,K,0.6333333333333333
2013-01-01,MPR,Mg,1.8388888888888888
2013-01-01,MPR,Ca,8.022222222222222
2013-03-05,MPR,NO3-N,54.57142857142857
2013-03-05,MPR,NH4-N,10
2013-03-05,MPR,K,0.62
2013-03-05,MPR,Mg,1.7655555555555555
2013-03-05,MPR,Ca,6.576666666666666
2013-05-07,MPR,NO3-N,18.833333333333332
2013-05-07,MPR,NH4-N,NA
2013-05-07,MPR,K,0.47
2013-05-07,MPR,Mg,1.52
2013-05-07,MPR,Ca,7.362222222222222
2013-07-09,MPR,NO3-N,86
2013-07-09,MPR,NH4-N,12
2013-07-09,MPR,K,0.3688888888888889
2013-07-09,MPR,Mg,1.42
2013-07-09,MPR,Ca,7.421111111111111
2013-09-10,MPR,NO3-N,65.5
2013-09-10,MPR,NH4-N,10.25
2013-09-10,MPR,K,0.4742857142857143
2013-09-10,MPR,Mg,1.7028571428571428
2013-09-10,MPR,Ca,7.1571428571428575
2013-11-12,MPR,NO3-N,58.833333333333336
2013-11-12,MPR,NH4-N,8
2013-11-12,MPR,K,0.5355555555555556
2013-11-12,MPR,Mg,1.6911111111111112
2013-11-12,MPR,Ca,7.148888888888889
2014-01-14,MPR,NO3-N,80.55555555555556
2014-01-14,MPR,NH4-N,9
2014-01-14,MPR,K,0.6866666666666666
2014-01-14,MPR,Mg,1.6955555555555555
2014-01-14,MPR,Ca,7.248888888888889
2014-03-18,MPR,NO3-N,44.8
2014-03-18,MPR,NH4-N,9.666666666666666
2014-03-18,MPR,K,0.7055555555555555
2014-03-18,MPR,Mg,2.1666666666666665
2014-03-18,MPR,Ca,8.697777777777778
2014-05-20,MPR,NO3-N,49.5
2014-05-20,MPR,NH4-N,24
2014-05-20,MPR,K,0.7755555555555556
2014-05-20,MPR,Mg,1.9566666666666666
2014-05-20,MPR,Ca,8.258888888888889
2014-07-22,MPR,NO3-N,68.75
2014-07-22,MPR,NH4-N,8.25
2014-07-22,MPR,K,0.7075
2014-07-22,MPR,Mg,1.8025
2014-07-22,MPR,Ca,7.36875
2014-09-23,MPR,NO3-N,84.14285714285714
2014-09-23,MPR,NH4-N,10.666666666666666
2014-09-23,MPR,K,0.6488888888888888
2014-09-23,MPR,Mg,1.711111111111111
2014-09-23,MPR,Ca,7.641111111111111
2014-11-25,MPR,NO3-N,55.857142857142854
2014-11-25,MPR,NH4-N,9
2014-11-25,MPR,K,0.5877777777777777
2014-11-25,MPR,Mg,1.8275000000000001
2014-11-25,MPR,Ca,7.94
2015-01-27,MPR,NO3-N,80.25
2015-01-27,MPR,NH4-N,8
2015-01-27,MPR,K,0.6277777777777778
2015-01-27,MPR,Mg,1.7766666666666666
2015-01-27,MPR,Ca,8.002222222222223
2015-03-31,MPR,NO3-N,52
2015-03-31,MPR,NH4-N,5
2015-03-31,MPR,K,0.84875
2015-03-31,MPR,Mg,2.32
2015-03-31,MPR,Ca,10.27875
2015-06-02,MPR,NO3-N,86.4
2015-06-02,MPR,NH4-N,6
2015-06-02,MPR,K,0.83875
2015-06-02,MPR,Mg,2.10875
2015-06-02,MPR,Ca,10.8975
2015-08-04,MPR,NO3-N,70.4
2015-08-04,MPR,NH4-N,8.5
2015-08-04,MPR,K,0.7424999999999999
2015-08-04,MPR,Mg,1.81
2015-08-04,MPR,Ca,9.5025
2015-10-06,MPR,NO3-N,63.8
2015-10-06,MPR,NH4-N,6
2015-10-06,MPR,K,0.6266666666666667
2015-10-06,MPR,Mg,1.5611111111111111
2015-10-06,MPR,Ca,8.522222222222222
2015-12-08,MPR,NO3-N,77.16666666666667
2015-12-08,MPR,NH4-N,6
2015-12-08,MPR,K,0.65
2015-12-08,MPR,Mg,1.9777777777777779
2015-12-08,MPR,Ca,9.386666666666667
2016-02-09,MPR,NO3-N,70.42857142857143
2016-02-09,MPR,NH4-N,9
2016-02-09,MPR,K,0.7188888888888889
2016-02-09,MPR,Mg,2.111111111111111
2016-02-09,MPR,Ca,8.32
2016-04-12,MPR,NO3-N,40.5
2016-04-12,MPR,NH4-N,12.333333333333334
2016-04-12,MPR,K,0.5966666666666667
2016-04-12,MPR,Mg,1.9244444444444444
2016-04-12,MPR,Ca,9.0344444444444445
2016-06-14,MPR,NO3-N,44.5
2016-06-14,MPR,NH4-N,6.4
2016-06-14,MPR,K,0.6511111111111111
2016-06-14,MPR,Mg,1.8711111111111112
2016-06-14,MPR,Ca,7.84
2016-08-16,MPR,NO3-N,66.44444444444444
2016-08-16,MPR,NH4-N,5.333333333333333
2016-08-16,MPR,K,0.6266666666666667
2016-08-16,MPR,Mg,1.9677777777777776
2016-08-16,MPR,Ca,7.976666666666667
2016-10-18,MPR,NO3-N,91.625
2016-10-18,MPR,NH4-N,6
2016-10-18,MPR,K,0.59
2016-10-18,MPR,Mg,1.8511111111111112
2016-10-18,MPR,Ca,7.594444444444444
2016-12-20,MPR,NO3-N,78.625
2016-12-20,MPR,NH4-N,NA
2016-12-20,MPR,K,0.6488888888888888
2016-12-20,MPR,Mg,1.8722222222222222
2016-12-20,MPR,Ca,7.644444444444444
2017-02-21,MPR,NO3-N,71.55555555555556
2017-02-21,MPR,NH4-N,15
2017-02-21,MPR,K,0.6977777777777778
2017-02-21,MPR,Mg,1.8433333333333333
2017-02-21,MPR,Ca,8.04888888888889
2017-04-25,MPR,NO3-N,72.25
2017-04-25,MPR,NH4-N,8
2017-04-25,MPR,K,0.6911111111111111
2017-04-25,MPR,Mg,1.8166666666666667
2017-04-25,MPR,Ca,6.778888888888889
2017-06-27,MPR,NO3-N,61.857142857142854
2017-06-27,MPR,NH4-N,6
2017-06-27,MPR,K,0.6533333333333333
2017-06-27,MPR,Mg,1.9177777777777778
2017-06-27,MPR,Ca,7.211111111111111
2017-08-29,MPR,NO3-N,238.5
2017-08-29,MPR,NH4-N,NA
2017-08-29,MPR,K,1.01
2017-08-29,MPR,Mg,1.7366666666666668
2017-08-29,MPR,Ca,8.629999999999999
2017-10-31,MPR,NO3-N,359.57142857142856
2017-10-31,MPR,NH4-N,NA
2017-10-31,MPR,K,1.3742857142857143
2017-10-31,MPR,Mg,2.0814285714285714
2017-10-31,MPR,Ca,6.198571428571428
2018-01-02,MPR,NO3-N,356.2
2018-01-02,MPR,NH4-N,12
2018-01-02,MPR,K,1.1657142857142857
2018-01-02,MPR,Mg,1.9114285714285715
2018-01-02,MPR,Ca,7.4157142857142855
2018-03-06,MPR,NO3-N,99.71428571428572
2018-03-06,MPR,NH4-N,7
2018-03-06,MPR,K,0.93
2018-03-06,MPR,Mg,1.94
2018-03-06,MPR,Ca,6.7700000000000005
2018-05-08,MPR,NO3-N,125.14285714285714
2018-05-08,MPR,NH4-N,17
2018-05-08,MPR,K,0.9
2018-05-08,MPR,Mg,1.89
2018-05-08,MPR,Ca,7.434444444444445
2018-07-10,MPR,NO3-N,83.16666666666667
2018-07-10,MPR,NH4-N,11.666666666666666
2018-07-10,MPR,K,0.84
2018-07-10,MPR,Mg,1.885
2018-07-10,MPR,Ca,6.89875
2018-09-11,MPR,NO3-N,107.2
2018-09-11,MPR,NH4-N,6
2018-09-11,MPR,K,0.7883333333333333
2018-09-11,MPR,Mg,1.8633333333333333
2018-09-11,MPR,Ca,7.5633333333333335
2018-11-13,MPR,NO3-N,148.25
2018-11-13,MPR,NH4-N,12
2018-11-13,MPR,K,0.75
2018-11-13,MPR,Mg,2.1950000000000003
2018-11-13,MPR,Ca,8.459999999999999
2019-01-15,MPR,NO3-N,78.5
2019-01-15,MPR,NH4-N,5
2019-01-15,MPR,K,0.7666666666666666
2019-01-15,MPR,Mg,2.227777777777778
2019-01-15,MPR,Ca,8.28111111111111
2019-03-19,MPR,NO3-N,89
2019-03-19,MPR,NH4-N,5
2019-03-19,MPR,K,0.7633333333333333
2019-03-19,MPR,Mg,2.1044444444444443
2019-03-19,MPR,Ca,8.116666666666667
2019-05-21,MPR,NO3-N,73.28571428571429
2019-05-21,MPR,NH4-N,12
2019-05-21,MPR,K,0.7066666666666667
2019-05-21,MPR,Mg,1.8699999999999999
2019-05-21,MPR,Ca,7.677777777777778
2019-07-23,MPR,NO3-N,70.6
2019-07-23,MPR,NH4-N,9.333333333333334
2019-07-23,MPR,K,0.6888888888888889
2019-07-23,MPR,Mg,1.81
2019-07-23,MPR,Ca,6.496666666666667
2019-09-24,MPR,NO3-N,90.42857142857143
2019-09-24,MPR,NH4-N,5
2019-09-24,MPR,K,0.6222222222222222
2019-09-24,MPR,Mg,1.8066666666666666
2019-09-24,MPR,Ca,6.375555555555556
2019-11-26,MPR,NO3-N,127.625
2019-11-26,MPR,NH4-N,6.8
2019-11-26,MPR,K,0.63
2019-11-26,MPR,Mg,1.7833333333333332
2019-11-26,MPR,Ca,6.355555555555555
2020-01-28,MPR,NO3-N,112
2020-01-28,MPR,NH4-N,10
2020-01-28,MPR,K,0.63125
2020-01-28,MPR,Mg,1.8275000000000001
2020-01-28,MPR,Ca,7.1675
2020-03-31,MPR,NO3-N,NA
2020-03-31,MPR,NH4-N,NA
2020-03-31,MPR,K,NA
2020-03-31,MPR,Mg,NA
2020-03-31,MPR,Ca,NA
2020-06-02,MPR,NO3-N,54.5
2020-06-02,MPR,NH4-N,7.333333333333333
2020-06-02,MPR,K,0.61
2020-06-02,MPR,Mg,1.525
2020-06-02,MPR,Ca,5.965
2020-08-04,MPR,NO3-N,90
2020-08-04,MPR,NH4-N,11.5
2020-08-04,MPR,K,0.745
2020-08-04,MPR,Mg,2.35
2020-08-04,MPR,Ca,6.562
2020-10-06,MPR,NO3-N,114.33333333333333
2020-10-06,MPR,NH4-N,11.4
2020-10-06,MPR,K,0.6466666666666667
2020-10-06,MPR,Mg,1.77
2020-10-06,MPR,Ca,5.753333333333333
2020-12-08,MPR,NO3-N,113
2020-12-08,MPR,NH4-N,11
2020-12-08,MPR,K,0.6325
2020-12-08,MPR,Mg,1.9175
2020-12-08,MPR,Ca,6.875
